model,n,rho_next,rho_180d,n_180d,cutoff,event,mae,entry_resid,rho_决斗者,rho_先锋,rho_控场,rho_哨卫,rho_callers,n_callers,resid_callers,resid_others,rho_180d_callers
current(rebuilt),0,,,0,2025-01-10,vct-2025-china-kickoff,,,,,,,,,,,
baseline-R2 hl=270,0,,,0,2025-01-10,vct-2025-china-kickoff,,,,,,,,,,,
decay regime=off,0,,,0,2025-01-10,vct-2025-china-kickoff,,,,,,,,,,,
decay regime=soft-sym,0,,,0,2025-01-10,vct-2025-china-kickoff,,,,,,,,,,,
decay regime=soft-asym,0,,,0,2025-01-10,vct-2025-china-kickoff,,,,,,,,,,,
stage regime=off,0,,,0,2025-01-10,vct-2025-china-kickoff,,,,,,,,,,,
stage regime=soft-sym,0,,,0,2025-01-10,vct-2025-china-kickoff,,,,,,,,,,,
stage regime=soft-asym,0,,,0,2025-01-10,vct-2025-china-kickoff,,,,,,,,,,,
split regime=off,0,,,0,2025-01-10,vct-2025-china-kickoff,,,,,,,,,,,
split regime=soft-sym,0,,,0,2025-01-10,vct-2025-china-kickoff,,,,,,,,,,,
split regime=soft-asym,0,,,0,2025-01-10,vct-2025-china-kickoff,,,,,,,,,,,
stage igl=0.25 grades=A,0,,,0,2025-01-10,vct-2025-china-kickoff,,,,,,,,,,,
stage igl=0.25 grades=ABC,0,,,0,2025-01-10,vct-2025-china-kickoff,,,,,,,,,,,
stage igl=0.35 grades=A,0,,,0,2025-01-10,vct-2025-china-kickoff,,,,,,,,,,,
stage igl=0.35 grades=ABC,0,,,0,2025-01-10,vct-2025-china-kickoff,,,,,,,,,,,
stage igl=0.45 grades=A,0,,,0,2025-01-10,vct-2025-china-kickoff,,,,,,,,,,,
stage igl=0.45 grades=ABC,0,,,0,2025-01-10,vct-2025-china-kickoff,,,,,,,,,,,
stage hon=3.0,0,,,0,2025-01-10,vct-2025-china-kickoff,,,,,,,,,,,
stage hon=6.0,0,,,0,2025-01-10,vct-2025-china-kickoff,,,,,,,,,,,
current(rebuilt),43,0.4689,0.5371,43,2025-01-14,vct-2025-emea-kickoff,0.7786,-0.0656,-0.2571,0.6388,0.3704,0.4643,,3,0.1125,-0.081,
baseline-R2 hl=270,43,0.4701,0.5187,43,2025-01-14,vct-2025-emea-kickoff,0.7529,-0.0542,0.1429,0.5416,0.3915,0.6071,,3,0.4024,-0.1027,
decay regime=off,43,0.3357,0.4545,43,2025-01-14,vct-2025-emea-kickoff,0.8435,0.2148,0.0286,0.628,-0.0569,0.3637,,3,-0.8291,-0.0104,
decay regime=soft-sym,43,0.341,0.4425,43,2025-01-14,vct-2025-emea-kickoff,0.8481,0.2389,0.1429,0.628,-0.0569,0.3637,,3,-0.8344,-0.01,
decay regime=soft-asym,43,0.3357,0.4545,43,2025-01-14,vct-2025-emea-kickoff,0.8435,0.2148,0.0286,0.628,-0.0569,0.3637,,3,-0.8291,-0.0104,
stage regime=off,43,0.334,0.4513,43,2025-01-14,vct-2025-emea-kickoff,0.8472,0.0704,0.0286,0.6142,-0.1381,0.6301,,3,-0.6553,-0.0234,
stage regime=soft-sym,43,0.3341,0.4382,43,2025-01-14,vct-2025-emea-kickoff,0.852,0.1139,0.087,0.6142,-0.1381,0.6301,,3,-0.7034,-0.0198,
stage regime=soft-asym,43,0.3323,0.4511,43,2025-01-14,vct-2025-emea-kickoff,0.8483,0.0734,0.0286,0.6142,-0.1381,0.6301,,3,-0.6915,-0.0207,
split regime=off,43,0.3258,0.4342,43,2025-01-14,vct-2025-emea-kickoff,0.8422,0.1711,0.0286,0.6172,-0.0425,0.3637,,3,-0.7733,-0.0146,
split regime=soft-sym,43,0.3288,0.4179,43,2025-01-14,vct-2025-emea-kickoff,0.8486,0.1976,0.1429,0.6172,-0.0425,0.3637,,3,-0.8141,-0.0115,
split regime=soft-asym,43,0.3237,0.4316,43,2025-01-14,vct-2025-emea-kickoff,0.8436,0.1739,0.0286,0.6172,-0.0425,0.3637,,3,-0.8087,-0.0119,
stage igl=0.25 grades=A,43,0.3401,0.4389,43,2025-01-14,vct-2025-emea-kickoff,0.8467,0.0808,0.0286,0.6142,-0.1944,0.6301,,3,-0.8044,-0.0122,
stage igl=0.25 grades=ABC,43,0.3401,0.4389,43,2025-01-14,vct-2025-emea-kickoff,0.8467,0.0808,0.0286,0.6142,-0.1944,0.6301,,3,-0.8044,-0.0122,
stage igl=0.35 grades=A,43,0.3368,0.4389,43,2025-01-14,vct-2025-emea-kickoff,0.8501,0.0865,0.0286,0.6142,-0.1944,0.6301,,3,-0.8774,-0.0068,
stage igl=0.35 grades=ABC,43,0.3368,0.4389,43,2025-01-14,vct-2025-emea-kickoff,0.8501,0.0865,0.0286,0.6142,-0.1944,0.6301,,3,-0.8774,-0.0068,
stage igl=0.45 grades=A,43,0.3369,0.432,43,2025-01-14,vct-2025-emea-kickoff,0.8528,0.0924,0.0286,0.6142,-0.1661,0.6301,,3,-0.9495,-0.0013,
stage igl=0.45 grades=ABC,43,0.3369,0.432,43,2025-01-14,vct-2025-emea-kickoff,0.8528,0.0924,0.0286,0.6142,-0.1661,0.6301,,3,-0.9495,-0.0013,
stage hon=3.0,43,0.3766,0.4711,43,2025-01-14,vct-2025-emea-kickoff,0.8207,0.0605,0.0286,0.6208,-0.0783,0.4865,,3,-0.7311,-0.0177,
stage hon=6.0,43,0.3823,0.4648,43,2025-01-14,vct-2025-emea-kickoff,0.8213,0.0409,0.0286,0.6208,-0.1187,0.4865,,3,-0.7807,-0.014,
current(rebuilt),46,0.3938,0.5793,43,2025-01-16,vct-2025-americas-kickoff,0.8253,0.3678,0.3462,0.6204,0.2242,-0.1905,,4,-0.1896,0.279,
baseline-R2 hl=270,46,0.4106,0.6104,43,2025-01-16,vct-2025-americas-kickoff,0.7725,0.2988,0.3554,0.5565,0.2,0.1429,,4,0.0149,0.2595,
decay regime=off,46,0.4564,0.5715,43,2025-01-16,vct-2025-americas-kickoff,0.8073,0.4165,0.4315,0.7003,0.3343,0.4699,,4,-0.7001,0.3276,
decay regime=soft-sym,46,0.4564,0.5715,43,2025-01-16,vct-2025-americas-kickoff,0.8073,0.4165,0.4315,0.7003,0.3343,0.4699,,4,-0.7001,0.3276,
decay regime=soft-asym,46,0.4564,0.5715,43,2025-01-16,vct-2025-americas-kickoff,0.8073,0.4165,0.4315,0.7003,0.3343,0.4699,,4,-0.7001,0.3276,
stage regime=off,46,0.4623,0.575,43,2025-01-16,vct-2025-americas-kickoff,0.8141,0.3467,0.4416,0.6905,0.4893,0.4524,,4,-0.5905,0.3172,
stage regime=soft-sym,46,0.4623,0.575,43,2025-01-16,vct-2025-americas-kickoff,0.8141,0.3467,0.4416,0.6905,0.4893,0.4524,,4,-0.5905,0.3172,
stage regime=soft-asym,46,0.4623,0.575,43,2025-01-16,vct-2025-americas-kickoff,0.8141,0.3467,0.4416,0.6905,0.4893,0.4524,,4,-0.5905,0.3172,
split regime=off,46,0.4454,0.5663,43,2025-01-16,vct-2025-americas-kickoff,0.8202,0.3847,0.4315,0.6961,0.4185,0.4791,,4,-0.6869,0.3264,
split regime=soft-sym,46,0.4454,0.5663,43,2025-01-16,vct-2025-americas-kickoff,0.8202,0.3847,0.4315,0.6961,0.4185,0.4791,,4,-0.6869,0.3264,
split regime=soft-asym,46,0.4454,0.5663,43,2025-01-16,vct-2025-americas-kickoff,0.8202,0.3847,0.4315,0.6961,0.4185,0.4791,,4,-0.6869,0.3264,
stage igl=0.25 grades=A,46,0.4596,0.5688,43,2025-01-16,vct-2025-americas-kickoff,0.8122,0.3166,0.4416,0.6498,0.4893,0.4524,,4,-0.3337,0.2927,
stage igl=0.25 grades=ABC,46,0.4596,0.5688,43,2025-01-16,vct-2025-americas-kickoff,0.8122,0.3166,0.4416,0.6498,0.4893,0.4524,,4,-0.3337,0.2927,
stage igl=0.35 grades=A,46,0.4586,0.5678,43,2025-01-16,vct-2025-americas-kickoff,0.8097,0.3065,0.4416,0.6354,0.4893,0.4524,,4,-0.2424,0.284,
stage igl=0.35 grades=ABC,46,0.4586,0.5678,43,2025-01-16,vct-2025-americas-kickoff,0.8097,0.3065,0.4416,0.6354,0.4893,0.4524,,4,-0.2424,0.284,
stage igl=0.45 grades=A,46,0.462,0.5644,43,2025-01-16,vct-2025-americas-kickoff,0.8086,0.2941,0.4416,0.6396,0.4893,0.4524,,4,-0.1241,0.2728,
stage igl=0.45 grades=ABC,46,0.462,0.5644,43,2025-01-16,vct-2025-americas-kickoff,0.8086,0.2941,0.4416,0.6396,0.4893,0.4524,,4,-0.1241,0.2728,
stage hon=3.0,46,0.4423,0.5548,43,2025-01-16,vct-2025-americas-kickoff,0.8189,0.3472,0.4531,0.6772,0.4924,0.4791,,4,-0.6312,0.3211,
stage hon=6.0,46,0.4423,0.5548,43,2025-01-16,vct-2025-americas-kickoff,0.8189,0.3472,0.4531,0.6772,0.4924,0.4791,,4,-0.6312,0.3211,
current(rebuilt),37,0.3928,0.7413,36,2025-01-17,vct-2025-pacific-kickoff,0.8418,-0.2923,0.5356,0.2571,0.2273,0.4623,,2,-1.2174,0.1678,
baseline-R2 hl=270,37,0.4043,0.7624,36,2025-01-17,vct-2025-pacific-kickoff,0.8827,-0.3258,0.4352,0.3714,0.3636,0.4577,,2,-1.2555,0.17,
decay regime=off,37,0.2936,0.5885,36,2025-01-17,vct-2025-pacific-kickoff,0.9109,0.2136,0.2899,0.2571,0.3059,0.3425,,2,-1.6433,0.1921,
decay regime=soft-sym,37,0.2936,0.5885,36,2025-01-17,vct-2025-pacific-kickoff,0.9109,0.2136,0.2899,0.2571,0.3059,0.3425,,2,-1.6433,0.1921,
decay regime=soft-asym,37,0.2936,0.5885,36,2025-01-17,vct-2025-pacific-kickoff,0.9109,0.2136,0.2899,0.2571,0.3059,0.3425,,2,-1.6433,0.1921,
stage regime=off,37,0.2413,0.5556,36,2025-01-17,vct-2025-pacific-kickoff,0.9153,0.2507,0.2797,0.1429,0.2415,0.1831,,2,-1.4609,0.1817,
stage regime=soft-sym,37,0.2413,0.5556,36,2025-01-17,vct-2025-pacific-kickoff,0.9153,0.2507,0.2797,0.1429,0.2415,0.1831,,2,-1.4609,0.1817,
stage regime=soft-asym,37,0.2413,0.5556,36,2025-01-17,vct-2025-pacific-kickoff,0.9153,0.2507,0.2797,0.1429,0.2415,0.1831,,2,-1.4609,0.1817,
split regime=off,37,0.2586,0.5661,36,2025-01-17,vct-2025-pacific-kickoff,0.9167,0.2231,0.1277,0.2571,0.3455,0.3005,,2,-1.5857,0.1888,
split regime=soft-sym,37,0.2586,0.5661,36,2025-01-17,vct-2025-pacific-kickoff,0.9167,0.2231,0.1277,0.2571,0.3455,0.3005,,2,-1.5857,0.1888,
split regime=soft-asym,37,0.2586,0.5661,36,2025-01-17,vct-2025-pacific-kickoff,0.9167,0.2231,0.1277,0.2571,0.3455,0.3005,,2,-1.5857,0.1888,
stage igl=0.25 grades=A,37,0.2266,0.5598,36,2025-01-17,vct-2025-pacific-kickoff,0.9285,0.2664,0.2797,0.1429,0.205,0.1831,,2,-1.7398,0.1976,
stage igl=0.25 grades=ABC,37,0.2278,0.6001,36,2025-01-17,vct-2025-pacific-kickoff,0.9129,0.2458,0.2797,0.2571,0.205,0.1831,,2,-1.7757,0.1997,
stage igl=0.35 grades=A,37,0.2148,0.5532,36,2025-01-17,vct-2025-pacific-kickoff,0.9307,0.2689,0.2797,0.1429,0.205,0.1831,,2,-1.7859,0.2003,
stage igl=0.35 grades=ABC,37,0.2107,0.5942,36,2025-01-17,vct-2025-pacific-kickoff,0.9175,0.2402,0.2797,0.2571,0.205,0.1831,,2,-1.8309,0.2028,
stage igl=0.45 grades=A,37,0.2046,0.5527,36,2025-01-17,vct-2025-pacific-kickoff,0.9346,0.274,0.2797,0.1429,0.205,0.1831,,2,-1.8768,0.2055,
stage igl=0.45 grades=ABC,37,0.2057,0.6083,36,2025-01-17,vct-2025-pacific-kickoff,0.9281,0.2371,0.2797,0.2319,0.205,0.1831,,2,-1.9279,0.2084,
stage hon=3.0,37,0.2551,0.5793,36,2025-01-17,vct-2025-pacific-kickoff,0.9203,0.2386,0.2996,0.2029,0.2283,0.172,,2,-1.5046,0.1842,
stage hon=6.0,37,0.2445,0.5726,36,2025-01-17,vct-2025-pacific-kickoff,0.9262,0.2409,0.2996,0.2029,0.2283,0.1284,,2,-1.4812,0.1828,
current(rebuilt),40,0.1633,0.3773,39,2025-02-20,valorant-masters-bangkok-2025,1.0367,-0.2889,-0.5011,0.415,-0.1167,,,4,0.6621,-0.0736,
baseline-R2 hl=270,40,0.2232,0.4557,39,2025-02-20,valorant-masters-bangkok-2025,0.9865,-0.3682,-0.2642,0.3782,0.3167,,,4,0.6837,-0.076,
decay regime=off,40,-0.142,0.2776,39,2025-02-20,valorant-masters-bangkok-2025,1.2602,0.0469,-0.3447,-0.1226,-0.2554,,,4,0.613,-0.0681,
decay regime=soft-sym,40,-0.142,0.2776,39,2025-02-20,valorant-masters-bangkok-2025,1.2602,0.0469,-0.3447,-0.1226,-0.2554,,,4,0.613,-0.0681,
decay regime=soft-asym,40,-0.142,0.2776,39,2025-02-20,valorant-masters-bangkok-2025,1.2602,0.0469,-0.3447,-0.1226,-0.2554,,,4,0.613,-0.0681,
stage regime=off,40,-0.1539,0.2269,39,2025-02-20,valorant-masters-bangkok-2025,1.2863,0.0446,-0.344,-0.0679,-0.4017,,,4,0.792,-0.088,
stage regime=soft-sym,40,-0.1539,0.2269,39,2025-02-20,valorant-masters-bangkok-2025,1.2863,0.0446,-0.344,-0.0679,-0.4017,,,4,0.792,-0.088,
stage regime=soft-asym,40,-0.1539,0.2269,39,2025-02-20,valorant-masters-bangkok-2025,1.2863,0.0446,-0.344,-0.0679,-0.4017,,,4,0.792,-0.088,
split regime=off,40,-0.1433,0.2795,39,2025-02-20,valorant-masters-bangkok-2025,1.2691,0.0427,-0.3447,-0.1099,-0.2857,,,4,0.6603,-0.0734,
split regime=soft-sym,40,-0.1433,0.2795,39,2025-02-20,valorant-masters-bangkok-2025,1.2691,0.0427,-0.3447,-0.1099,-0.2857,,,4,0.6603,-0.0734,
split regime=soft-asym,40,-0.1433,0.2795,39,2025-02-20,valorant-masters-bangkok-2025,1.2691,0.0427,-0.3447,-0.1099,-0.2857,,,4,0.6603,-0.0734,
stage igl=0.25 grades=A,40,-0.144,0.2198,39,2025-02-20,valorant-masters-bangkok-2025,1.2795,0.0536,-0.344,-0.0465,-0.4017,,,4,0.7396,-0.0822,
stage igl=0.25 grades=ABC,40,-0.1475,0.2495,39,2025-02-20,valorant-masters-bangkok-2025,1.2845,0.0329,-0.344,-0.1086,-0.4017,,,4,0.7202,-0.08,
stage igl=0.35 grades=A,40,-0.1387,0.211,39,2025-02-20,valorant-masters-bangkok-2025,1.2736,0.0579,-0.344,-0.0443,-0.4017,,,4,0.711,-0.079,
stage igl=0.35 grades=ABC,40,-0.146,0.2594,39,2025-02-20,valorant-masters-bangkok-2025,1.2853,0.026,-0.344,-0.141,-0.4017,,,4,0.6789,-0.0754,
stage igl=0.45 grades=A,40,-0.1422,0.1974,39,2025-02-20,valorant-masters-bangkok-2025,1.2661,0.0619,-0.344,-0.0778,-0.4017,,,4,0.681,-0.0757,
stage igl=0.45 grades=ABC,40,-0.1462,0.2584,39,2025-02-20,valorant-masters-bangkok-2025,1.2808,0.0224,-0.344,-0.1683,-0.4017,,,4,0.6398,-0.0711,
stage hon=3.0,40,-0.0821,0.2891,39,2025-02-20,valorant-masters-bangkok-2025,1.2557,-0.0057,-0.2626,0.0148,-0.3917,,,4,0.6492,-0.0721,
stage hon=6.0,40,-0.0465,0.2974,39,2025-02-20,valorant-masters-bangkok-2025,1.2275,-0.0322,-0.1899,0.0222,-0.3917,,,4,0.5957,-0.0662,
current(rebuilt),41,0.1364,0.2424,38,2025-03-13,vct-2025-china-stage-1,1.0747,0.4584,0.3167,-0.2664,0.3354,0.6,,1,0.0499,0.195,
baseline-R2 hl=270,41,0.2346,0.3137,38,2025-03-13,vct-2025-china-stage-1,0.9885,0.3825,0.2833,-0.1387,0.2927,0.5,,1,0.0081,0.1961,
decay regime=off,41,0.5645,0.5037,38,2025-03-13,vct-2025-china-stage-1,0.7915,0.6766,0.3347,0.6379,0.6768,0.9,,1,0.5819,0.1817,
decay regime=soft-sym,41,0.5645,0.5037,38,2025-03-13,vct-2025-china-stage-1,0.7915,0.6766,0.3347,0.6379,0.6768,0.9,,1,0.5819,0.1817,
decay regime=soft-asym,41,0.5645,0.5037,38,2025-03-13,vct-2025-china-stage-1,0.7915,0.6766,0.3347,0.6379,0.6768,0.9,,1,0.5819,0.1817,
stage regime=off,41,0.5649,0.5055,38,2025-03-13,vct-2025-china-stage-1,0.8036,0.6447,0.4,0.687,0.6483,0.8208,,1,0.6223,0.1807,
stage regime=soft-sym,41,0.565,0.505,38,2025-03-13,vct-2025-china-stage-1,0.8042,0.6472,0.4,0.687,0.6483,0.8208,,1,0.619,0.1808,
stage regime=soft-asym,41,0.565,0.505,38,2025-03-13,vct-2025-china-stage-1,0.8042,0.6472,0.4,0.687,0.6483,0.8208,,1,0.619,0.1808,
split regime=off,41,0.569,0.513,38,2025-03-13,vct-2025-china-stage-1,0.7918,0.6594,0.4,0.6181,0.6697,0.9,,1,0.5657,0.1821,
split regime=soft-sym,41,0.5701,0.5128,38,2025-03-13,vct-2025-china-stage-1,0.7921,0.6618,0.4,0.6181,0.6768,0.9,,1,0.5629,0.1822,
split regime=soft-asym,41,0.5701,0.5128,38,2025-03-13,vct-2025-china-stage-1,0.7921,0.6618,0.4,0.6181,0.6768,0.9,,1,0.5629,0.1822,
stage igl=0.25 grades=A,41,0.5582,0.51,38,2025-03-13,vct-2025-china-stage-1,0.8,0.6633,0.4,0.6739,0.6483,0.8208,,1,-0.0484,0.1975,
stage igl=0.25 grades=ABC,41,0.5642,0.4981,38,2025-03-13,vct-2025-china-stage-1,0.8155,0.634,0.4,0.6675,0.8171,0.8208,,1,-0.0815,0.1983,
stage igl=0.35 grades=A,41,0.5514,0.5098,38,2025-03-13,vct-2025-china-stage-1,0.8081,0.6694,0.4,0.6747,0.6483,0.8208,,1,-0.278,0.2032,
stage igl=0.35 grades=ABC,41,0.5428,0.4737,38,2025-03-13,vct-2025-china-stage-1,0.8294,0.628,0.4,0.5907,0.8354,0.8208,,1,-0.3237,0.2044,
stage igl=0.45 grades=A,41,0.5324,0.5033,38,2025-03-13,vct-2025-china-stage-1,0.8189,0.6783,0.4,0.6488,0.6483,0.8208,,1,-0.625,0.2119,
stage igl=0.45 grades=ABC,41,0.5128,0.4517,38,2025-03-13,vct-2025-china-stage-1,0.8436,0.6277,0.4,0.529,0.8354,0.8208,,1,-0.6742,0.2131,
stage hon=3.0,41,0.5504,0.4944,38,2025-03-13,vct-2025-china-stage-1,0.8172,0.6427,0.4,0.687,0.6159,0.7906,,1,0.2864,0.1891,
stage hon=6.0,41,0.5494,0.501,38,2025-03-13,vct-2025-china-stage-1,0.8194,0.6418,0.4,0.6739,0.6159,0.7182,,1,-0.0451,0.1974,
current(rebuilt),55,0.6214,0.7085,47,2025-03-21,vct-2025-americas-stage-1,0.6573,-0.1644,0.5152,0.5463,0.4348,0.5394,,4,-0.3776,0.0471,
baseline-R2 hl=270,55,0.6389,0.7158,47,2025-03-21,vct-2025-americas-stage-1,0.6064,-0.2564,0.5675,0.575,0.357,0.6242,,4,-0.2664,0.0384,
decay regime=off,55,0.5507,0.6042,47,2025-03-21,vct-2025-americas-stage-1,0.7182,0.0047,0.3232,0.5329,0.6353,0.5152,,4,-0.825,0.0822,
decay regime=soft-sym,55,0.5507,0.6042,47,2025-03-21,vct-2025-americas-stage-1,0.7182,0.0047,0.3232,0.5329,0.6353,0.5152,,4,-0.825,0.0822,
decay regime=soft-asym,55,0.5507,0.6042,47,2025-03-21,vct-2025-americas-stage-1,0.7182,0.0047,0.3232,0.5329,0.6353,0.5152,,4,-0.825,0.0822,
stage regime=off,55,0.5317,0.5829,47,2025-03-21,vct-2025-americas-stage-1,0.7394,0.0112,0.3103,0.4917,0.4151,0.6,,4,-0.695,0.072,
stage regime=soft-sym,55,0.5317,0.5829,47,2025-03-21,vct-2025-americas-stage-1,0.7394,0.0112,0.3103,0.4917,0.4151,0.6,,4,-0.695,0.072,
stage regime=soft-asym,55,0.5317,0.5829,47,2025-03-21,vct-2025-americas-stage-1,0.7394,0.0112,0.3103,0.4917,0.4151,0.6,,4,-0.695,0.072,
split regime=off,55,0.5535,0.6104,47,2025-03-21,vct-2025-americas-stage-1,0.7269,-0.0052,0.3259,0.5145,0.5899,0.5152,,4,-0.812,0.0812,
split regime=soft-sym,55,0.5535,0.6104,47,2025-03-21,vct-2025-americas-stage-1,0.7269,-0.0052,0.3259,0.5145,0.5899,0.5152,,4,-0.812,0.0812,
split regime=soft-asym,55,0.5535,0.6104,47,2025-03-21,vct-2025-americas-stage-1,0.7269,-0.0052,0.3259,0.5145,0.5899,0.5152,,4,-0.812,0.0812,
stage igl=0.25 grades=A,55,0.5291,0.5873,47,2025-03-21,vct-2025-americas-stage-1,0.7368,-0.0135,0.3103,0.4733,0.4151,0.6,,4,-0.4803,0.0551,
stage igl=0.25 grades=ABC,55,0.5291,0.5873,47,2025-03-21,vct-2025-americas-stage-1,0.7368,-0.0135,0.3103,0.4733,0.4151,0.6,,4,-0.4803,0.0551,
stage igl=0.35 grades=A,55,0.5245,0.5882,47,2025-03-21,vct-2025-americas-stage-1,0.7325,-0.0276,0.3103,0.4669,0.4151,0.6,,4,-0.4116,0.0498,
stage igl=0.35 grades=ABC,55,0.5245,0.5882,47,2025-03-21,vct-2025-americas-stage-1,0.7325,-0.0276,0.3103,0.4669,0.4151,0.6,,4,-0.4116,0.0498,
stage igl=0.45 grades=A,55,0.521,0.5851,47,2025-03-21,vct-2025-americas-stage-1,0.7369,-0.0364,0.3103,0.4603,0.4151,0.6,,4,-0.3188,0.0425,
stage igl=0.45 grades=ABC,55,0.521,0.5851,47,2025-03-21,vct-2025-americas-stage-1,0.7369,-0.0364,0.3103,0.4603,0.4151,0.6,,4,-0.3188,0.0425,
stage hon=3.0,55,0.5505,0.5962,47,2025-03-21,vct-2025-americas-stage-1,0.7145,-0.0009,0.3959,0.5068,0.5394,0.6201,,4,-0.7423,0.0757,
stage hon=6.0,55,0.5505,0.5962,47,2025-03-21,vct-2025-americas-stage-1,0.7145,-0.0009,0.3959,0.5068,0.5394,0.6201,,4,-0.7423,0.0757,
current(rebuilt),55,0.4428,0.4745,48,2025-03-21,vct-2025-pacific-stage-1,0.8258,0.0363,0.4901,0.4507,0.3407,0.0957,,2,-0.2156,0.1559,
baseline-R2 hl=270,55,0.4377,0.519,48,2025-03-21,vct-2025-pacific-stage-1,0.7738,-0.0714,0.5224,0.3667,0.4176,0.0866,,2,-0.1638,0.1539,
decay regime=off,55,0.425,0.4266,48,2025-03-21,vct-2025-pacific-stage-1,0.8033,0.2884,0.6778,0.2345,0.3039,0.2334,,2,-0.6661,0.1729,
decay regime=soft-sym,55,0.425,0.4266,48,2025-03-21,vct-2025-pacific-stage-1,0.8033,0.2884,0.6778,0.2345,0.3039,0.2334,,2,-0.6661,0.1729,
decay regime=soft-asym,55,0.425,0.4266,48,2025-03-21,vct-2025-pacific-stage-1,0.8033,0.2884,0.6778,0.2345,0.3039,0.2334,,2,-0.6661,0.1729,
stage regime=off,55,0.4188,0.4087,48,2025-03-21,vct-2025-pacific-stage-1,0.8198,0.321,0.6067,0.245,0.3872,0.2729,,2,-0.5136,0.1671,
stage regime=soft-sym,55,0.4188,0.4087,48,2025-03-21,vct-2025-pacific-stage-1,0.8198,0.321,0.6067,0.245,0.3872,0.2729,,2,-0.5136,0.1671,
stage regime=soft-asym,55,0.4188,0.4087,48,2025-03-21,vct-2025-pacific-stage-1,0.8198,0.321,0.6067,0.245,0.3872,0.2729,,2,-0.5136,0.1671,
split regime=off,55,0.4246,0.4334,48,2025-03-21,vct-2025-pacific-stage-1,0.8027,0.2935,0.6564,0.212,0.3039,0.2334,,2,-0.568,0.1692,
split regime=soft-sym,55,0.4246,0.4334,48,2025-03-21,vct-2025-pacific-stage-1,0.8027,0.2935,0.6564,0.212,0.3039,0.2334,,2,-0.568,0.1692,
split regime=soft-asym,55,0.4246,0.4334,48,2025-03-21,vct-2025-pacific-stage-1,0.8027,0.2935,0.6564,0.212,0.3039,0.2334,,2,-0.568,0.1692,
stage igl=0.25 grades=A,55,0.4199,0.4157,48,2025-03-21,vct-2025-pacific-stage-1,0.8129,0.3299,0.6067,0.245,0.4006,0.2729,,2,-0.7509,0.1761,
stage igl=0.25 grades=ABC,55,0.4267,0.439,48,2025-03-21,vct-2025-pacific-stage-1,0.8043,0.3174,0.6067,0.2729,0.4006,0.2729,,2,-0.7627,0.1765,
stage igl=0.35 grades=A,55,0.4236,0.4235,48,2025-03-21,vct-2025-pacific-stage-1,0.8097,0.3335,0.6067,0.245,0.4006,0.2729,,2,-0.8445,0.1796,
stage igl=0.35 grades=ABC,55,0.4354,0.4634,48,2025-03-21,vct-2025-pacific-stage-1,0.797,0.3155,0.6067,0.2775,0.4006,0.2729,,2,-0.8588,0.1801,
stage igl=0.45 grades=A,55,0.4266,0.4276,48,2025-03-21,vct-2025-pacific-stage-1,0.8104,0.337,0.6067,0.245,0.3984,0.2729,,2,-0.9369,0.1831,
stage igl=0.45 grades=ABC,55,0.4427,0.4783,48,2025-03-21,vct-2025-pacific-stage-1,0.7941,0.3137,0.6067,0.2929,0.3984,0.2729,,2,-0.9522,0.1837,
stage hon=3.0,55,0.4354,0.4348,48,2025-03-21,vct-2025-pacific-stage-1,0.8121,0.2776,0.6029,0.279,0.4088,0.2385,,2,-0.5515,0.1685,
stage hon=6.0,55,0.4341,0.4401,48,2025-03-21,vct-2025-pacific-stage-1,0.8166,0.2613,0.5327,0.279,0.4088,0.2385,,2,-0.5352,0.1679,
current(rebuilt),56,0.453,0.6516,44,2025-03-26,vct-2025-emea-stage-1,0.8517,-0.136,0.5585,0.619,0.2557,-0.2018,,3,0.6097,-0.04,
baseline-R2 hl=270,56,0.4532,0.7102,44,2025-03-26,vct-2025-emea-stage-1,0.8664,-0.0993,0.4842,0.6026,0.2877,-0.0367,,3,0.7911,-0.0503,
decay regime=off,56,0.3962,0.4723,44,2025-03-26,vct-2025-emea-stage-1,0.8635,0.1857,0.3306,0.3718,0.4184,0.1304,,3,-0.5113,0.0235,
decay regime=soft-sym,56,0.3962,0.4723,44,2025-03-26,vct-2025-emea-stage-1,0.8635,0.1857,0.3306,0.3718,0.4184,0.1304,,3,-0.5113,0.0235,
decay regime=soft-asym,56,0.3962,0.4723,44,2025-03-26,vct-2025-emea-stage-1,0.8635,0.1857,0.3306,0.3718,0.4184,0.1304,,3,-0.5113,0.0235,
stage regime=off,56,0.3966,0.4417,44,2025-03-26,vct-2025-emea-stage-1,0.847,0.1788,0.4343,0.351,0.4263,0.1994,,3,-0.4778,0.0216,
stage regime=soft-sym,56,0.3966,0.4417,44,2025-03-26,vct-2025-emea-stage-1,0.847,0.1788,0.4343,0.351,0.4263,0.1994,,3,-0.4778,0.0216,
stage regime=soft-asym,56,0.3966,0.4417,44,2025-03-26,vct-2025-emea-stage-1,0.847,0.1788,0.4343,0.351,0.4263,0.1994,,3,-0.4778,0.0216,
split regime=off,56,0.3974,0.4677,44,2025-03-26,vct-2025-emea-stage-1,0.8624,0.1587,0.3762,0.3616,0.4046,0.1815,,3,-0.5286,0.0244,
split regime=soft-sym,56,0.3974,0.4677,44,2025-03-26,vct-2025-emea-stage-1,0.8624,0.1587,0.3762,0.3616,0.4046,0.1815,,3,-0.5286,0.0244,
split regime=soft-asym,56,0.3974,0.4677,44,2025-03-26,vct-2025-emea-stage-1,0.8624,0.1587,0.3762,0.3616,0.4046,0.1815,,3,-0.5286,0.0244,
stage igl=0.25 grades=A,56,0.3869,0.4158,44,2025-03-26,vct-2025-emea-stage-1,0.8565,0.1891,0.4343,0.351,0.3885,0.1994,,3,-0.6966,0.034,
stage igl=0.25 grades=ABC,56,0.3811,0.4017,44,2025-03-26,vct-2025-emea-stage-1,0.8712,0.1741,0.4343,0.3257,0.3885,0.1994,,3,-0.7104,0.0347,
stage igl=0.35 grades=A,56,0.3836,0.409,44,2025-03-26,vct-2025-emea-stage-1,0.859,0.192,0.4343,0.351,0.3793,0.1994,,3,-0.7677,0.038,
stage igl=0.35 grades=ABC,56,0.3732,0.3915,44,2025-03-26,vct-2025-emea-stage-1,0.8767,0.1718,0.4343,0.3257,0.3793,0.1994,,3,-0.7834,0.0389,
stage igl=0.45 grades=A,56,0.3762,0.3918,44,2025-03-26,vct-2025-emea-stage-1,0.8621,0.1957,0.4343,0.351,0.3793,0.1994,,3,-0.8725,0.0439,
stage igl=0.45 grades=ABC,56,0.3607,0.3661,44,2025-03-26,vct-2025-emea-stage-1,0.8823,0.1702,0.4343,0.3257,0.3793,0.1994,,3,-0.8884,0.0448,
stage hon=3.0,56,0.3727,0.4144,44,2025-03-26,vct-2025-emea-stage-1,0.857,0.1672,0.4185,0.3248,0.4171,0.1162,,3,-0.5154,0.0237,
stage hon=6.0,56,0.3675,0.4064,44,2025-03-26,vct-2025-emea-stage-1,0.8665,0.1518,0.4185,0.3248,0.3848,0.0736,,3,-0.5504,0.0257,
current(rebuilt),60,0.4781,0.6282,58,2025-06-07,valorant-masters-toronto-2025,0.7811,-0.1717,-0.1157,0.6005,0.5337,0.738,0.7388,7,-0.0766,0.0032,0.3214
baseline-R2 hl=270,60,0.4542,0.6768,58,2025-06-07,valorant-masters-toronto-2025,0.8051,-0.3345,-0.088,0.5329,0.5853,0.6378,0.5766,7,0.1142,-0.022,0.8571
decay regime=off,60,0.3753,0.5738,58,2025-06-07,valorant-masters-toronto-2025,0.8472,-0.0132,-0.1047,0.5198,0.4775,0.6712,0.7909,7,-0.4951,0.0584,0.4685
decay regime=soft-sym,60,0.3729,0.5705,58,2025-06-07,valorant-masters-toronto-2025,0.8487,-0.0109,-0.1047,0.5119,0.4775,0.6712,0.7909,7,-0.4927,0.0581,0.4685
decay regime=soft-asym,60,0.3729,0.5705,58,2025-06-07,valorant-masters-toronto-2025,0.8487,-0.0109,-0.1047,0.5119,0.4775,0.6712,0.7909,7,-0.4927,0.0581,0.4685
stage regime=off,60,0.3252,0.5795,58,2025-06-07,valorant-masters-toronto-2025,0.9127,-0.0049,-0.1708,0.4255,0.3784,0.742,0.9009,7,-0.4867,0.0573,0.3929
stage regime=soft-sym,60,0.3252,0.5786,58,2025-06-07,valorant-masters-toronto-2025,0.914,-0.0026,-0.1708,0.4247,0.3784,0.742,0.9009,7,-0.4843,0.057,0.3929
stage regime=soft-asym,60,0.3252,0.5786,58,2025-06-07,valorant-masters-toronto-2025,0.914,-0.0026,-0.1708,0.4247,0.3784,0.742,0.9009,7,-0.4843,0.057,0.3929
split regime=off,60,0.3621,0.5723,58,2025-06-07,valorant-masters-toronto-2025,0.8613,-0.0033,-0.1379,0.4947,0.4566,0.6659,0.9009,7,-0.4753,0.0558,0.3929
split regime=soft-sym,60,0.3595,0.5693,58,2025-06-07,valorant-masters-toronto-2025,0.8628,-0.0011,-0.1379,0.4868,0.4566,0.6659,0.9009,7,-0.4731,0.0555,0.3929
split regime=soft-asym,60,0.3595,0.5693,58,2025-06-07,valorant-masters-toronto-2025,0.8628,-0.0011,-0.1379,0.4868,0.4566,0.6659,0.9009,7,-0.4731,0.0555,0.3929
stage igl=0.25 grades=A,60,0.3189,0.5667,58,2025-06-07,valorant-masters-toronto-2025,0.9121,-0.0106,-0.1708,0.4253,0.334,0.742,0.8748,7,-0.477,0.0561,0.5123
stage igl=0.25 grades=ABC,60,0.3196,0.5668,58,2025-06-07,valorant-masters-toronto-2025,0.9135,0.0026,-0.1708,0.4253,0.334,0.742,0.8748,7,-0.4785,0.0563,0.5123
stage igl=0.35 grades=A,60,0.3065,0.5367,58,2025-06-07,valorant-masters-toronto-2025,0.9162,-0.0109,-0.1708,0.4237,0.3005,0.742,0.2738,7,-0.4772,0.0561,0.0374
stage igl=0.35 grades=ABC,60,0.3072,0.5368,58,2025-06-07,valorant-masters-toronto-2025,0.9175,0.0024,-0.1708,0.4237,0.3005,0.742,0.2738,7,-0.4787,0.0563,0.0374
stage igl=0.45 grades=A,60,0.2964,0.5118,58,2025-06-07,valorant-masters-toronto-2025,0.925,-0.0125,-0.1708,0.4232,0.2594,0.742,0.0298,7,-0.4626,0.0542,-0.4335
stage igl=0.45 grades=ABC,60,0.2976,0.512,58,2025-06-07,valorant-masters-toronto-2025,0.9266,0.0074,-0.1708,0.4274,0.2594,0.742,0.0298,7,-0.4649,0.0545,-0.4335
stage hon=3.0,60,0.3703,0.5905,58,2025-06-07,valorant-masters-toronto-2025,0.8699,-0.0395,-0.029,0.4639,0.4209,0.7785,0.9009,7,-0.5226,0.0621,0.3929
stage hon=6.0,60,0.3847,0.5908,58,2025-06-07,valorant-masters-toronto-2025,0.8599,-0.0536,-0.011,0.4639,0.4215,0.7785,0.9273,7,-0.5391,0.0643,0.3784
current(rebuilt),57,0.4842,0.4632,17,2025-07-03,vct-2025-china-stage-2,0.7954,-0.113,0.5915,0.3333,0.6529,0.3592,,3,0.9182,0.0217,
baseline-R2 hl=270,57,0.4872,0.451,17,2025-07-03,vct-2025-china-stage-2,0.7996,0.0013,0.6107,0.3278,0.6933,0.5704,,3,1.1434,0.0092,
decay regime=off,57,0.4563,0.3092,17,2025-07-03,vct-2025-china-stage-2,0.8384,0.233,0.6107,0.1131,0.465,0.0178,,3,0.8844,0.0235,
decay regime=soft-sym,57,0.4565,0.3092,17,2025-07-03,vct-2025-china-stage-2,0.8389,0.2312,0.6107,0.1131,0.465,0.0178,,3,0.8833,0.0236,
decay regime=soft-asym,57,0.4563,0.3092,17,2025-07-03,vct-2025-china-stage-2,0.8384,0.233,0.6107,0.1131,0.465,0.0178,,3,0.8844,0.0235,
stage regime=off,57,0.4575,0.3605,17,2025-07-03,vct-2025-china-stage-2,0.8614,0.2309,0.6584,0.1186,0.4628,0.0462,,3,0.8852,0.0235,
stage regime=soft-sym,57,0.4587,0.3605,17,2025-07-03,vct-2025-china-stage-2,0.862,0.2291,0.6584,0.1186,0.4628,0.0462,,3,0.884,0.0236,
stage regime=soft-asym,57,0.4575,0.3605,17,2025-07-03,vct-2025-china-stage-2,0.8614,0.2309,0.6584,0.1186,0.4628,0.0462,,3,0.8852,0.0235,
split regime=off,57,0.4589,0.3092,17,2025-07-03,vct-2025-china-stage-2,0.8418,0.2256,0.6107,0.1172,0.465,0.0178,,3,0.8768,0.024,
split regime=soft-sym,57,0.4592,0.3092,17,2025-07-03,vct-2025-china-stage-2,0.8423,0.2238,0.6107,0.1172,0.465,0.0178,,3,0.8757,0.024,
split regime=soft-asym,57,0.4589,0.3092,17,2025-07-03,vct-2025-china-stage-2,0.8418,0.2256,0.6107,0.1172,0.465,0.0178,,3,0.8768,0.024,
stage igl=0.25 grades=A,57,0.4494,0.3252,17,2025-07-03,vct-2025-china-stage-2,0.8664,0.2223,0.6584,0.2345,0.4379,0.0462,,3,1.0177,0.0161,
stage igl=0.25 grades=ABC,57,0.4302,0.3252,17,2025-07-03,vct-2025-china-stage-2,0.8774,0.2071,0.6584,0.2345,0.3971,0.0462,,3,1.0031,0.017,
stage igl=0.35 grades=A,57,0.4462,0.3129,17,2025-07-03,vct-2025-china-stage-2,0.8679,0.2221,0.6584,0.2555,0.4243,0.0462,,3,1.0172,0.0162,
stage igl=0.35 grades=ABC,57,0.4198,0.3129,17,2025-07-03,vct-2025-china-stage-2,0.8824,0.2013,0.6584,0.2555,0.3713,0.0462,,3,0.9972,0.0173,
stage igl=0.45 grades=A,57,0.4406,0.309,17,2025-07-03,vct-2025-china-stage-2,0.8733,0.2162,0.6584,0.2786,0.4,0.0462,,3,1.1222,0.0103,
stage igl=0.45 grades=ABC,57,0.4108,0.309,17,2025-07-03,vct-2025-china-stage-2,0.89,0.1918,0.6584,0.2786,0.3411,0.0462,,3,1.0976,0.0117,
stage hon=3.0,57,0.4598,0.3264,17,2025-07-03,vct-2025-china-stage-2,0.8584,0.244,0.6374,0.1678,0.4474,0.0249,,3,0.8213,0.0271,
stage hon=6.0,57,0.4689,0.3362,17,2025-07-03,vct-2025-china-stage-2,0.8596,0.2457,0.6374,0.2445,0.4474,0.0036,,3,0.7512,0.0309,
current(rebuilt),57,0.5229,0.5315,18,2025-07-15,vct-2025-pacific-stage-2,0.8649,0.1798,0.4004,0.5305,0.5914,0.5368,,3,-0.0005,0.036,
baseline-R2 hl=270,57,0.5463,0.6285,18,2025-07-15,vct-2025-pacific-stage-2,0.8515,0.1822,0.3932,0.5878,0.6541,0.6246,,3,0.1596,0.0271,
decay regime=off,57,0.3991,0.3789,18,2025-07-15,vct-2025-pacific-stage-2,0.9326,0.4791,0.3483,0.1405,0.561,0.5722,,3,-0.4693,0.0621,
decay regime=soft-sym,57,0.3991,0.3789,18,2025-07-15,vct-2025-pacific-stage-2,0.9326,0.4791,0.3483,0.1405,0.561,0.5722,,3,-0.4693,0.0621,
decay regime=soft-asym,57,0.3991,0.3789,18,2025-07-15,vct-2025-pacific-stage-2,0.9326,0.4791,0.3483,0.1405,0.561,0.5722,,3,-0.4693,0.0621,
stage regime=off,57,0.3672,0.2508,18,2025-07-15,vct-2025-pacific-stage-2,0.9421,0.5053,0.3002,0.1113,0.5975,0.5466,,3,-0.44,0.0604,
stage regime=soft-sym,57,0.3672,0.2508,18,2025-07-15,vct-2025-pacific-stage-2,0.9421,0.5053,0.3002,0.1113,0.5975,0.5466,,3,-0.44,0.0604,
stage regime=soft-asym,57,0.3672,0.2508,18,2025-07-15,vct-2025-pacific-stage-2,0.9421,0.5053,0.3002,0.1113,0.5975,0.5466,,3,-0.44,0.0604,
split regime=off,57,0.4059,0.3675,18,2025-07-15,vct-2025-pacific-stage-2,0.9331,0.476,0.3339,0.1617,0.605,0.5722,,3,-0.4164,0.0591,
split regime=soft-sym,57,0.4059,0.3675,18,2025-07-15,vct-2025-pacific-stage-2,0.9331,0.476,0.3339,0.1617,0.605,0.5722,,3,-0.4164,0.0591,
split regime=soft-asym,57,0.4059,0.3675,18,2025-07-15,vct-2025-pacific-stage-2,0.9331,0.476,0.3339,0.1617,0.605,0.5722,,3,-0.4164,0.0591,
stage igl=0.25 grades=A,57,0.3865,0.3076,18,2025-07-15,vct-2025-pacific-stage-2,0.9298,0.5087,0.3002,0.1113,0.5975,0.5466,,3,-0.5007,0.0638,
stage igl=0.25 grades=ABC,57,0.3837,0.3076,18,2025-07-15,vct-2025-pacific-stage-2,0.9328,0.4971,0.3002,0.1113,0.6101,0.5466,,3,-0.5104,0.0644,
stage igl=0.35 grades=A,57,0.3986,0.3242,18,2025-07-15,vct-2025-pacific-stage-2,0.923,0.512,0.3002,0.1132,0.6101,0.5466,,3,-0.5595,0.0671,
stage igl=0.35 grades=ABC,57,0.399,0.3242,18,2025-07-15,vct-2025-pacific-stage-2,0.9296,0.4953,0.3002,0.1132,0.6268,0.5466,,3,-0.572,0.0678,
stage igl=0.45 grades=A,57,0.4083,0.3739,18,2025-07-15,vct-2025-pacific-stage-2,0.9163,0.5134,0.3002,0.1364,0.6334,0.5466,,3,-0.5857,0.0685,
stage igl=0.45 grades=ABC,57,0.4065,0.3739,18,2025-07-15,vct-2025-pacific-stage-2,0.9249,0.4934,0.3002,0.1364,0.6658,0.5466,,3,-0.5992,0.0693,
stage hon=3.0,57,0.3936,0.3033,18,2025-07-15,vct-2025-pacific-stage-2,0.9375,0.4751,0.3235,0.1004,0.6065,0.6,,3,-0.5346,0.0657,
stage hon=6.0,57,0.3987,0.3467,18,2025-07-15,vct-2025-pacific-stage-2,0.933,0.4784,0.3208,0.1004,0.6095,0.638,,3,-0.5351,0.0657,
current(rebuilt),49,0.6225,0.7606,18,2025-07-16,vct-2025-emea-stage-2,0.7285,-0.2414,0.7719,0.507,0.7461,-0.1429,,3,0.1367,0.0888,
baseline-R2 hl=270,49,0.6991,0.8287,18,2025-07-16,vct-2025-emea-stage-2,0.6311,-0.2332,0.8877,0.5999,0.725,-0.0924,,3,0.348,0.075,
decay regime=off,49,0.455,0.7135,18,2025-07-16,vct-2025-emea-stage-2,0.8153,-0.1223,0.838,0.6561,0.2127,0.2992,,3,-0.5921,0.1363,
decay regime=soft-sym,49,0.455,0.7135,18,2025-07-16,vct-2025-emea-stage-2,0.8153,-0.1223,0.838,0.6561,0.2127,0.2992,,3,-0.5921,0.1363,
decay regime=soft-asym,49,0.455,0.7135,18,2025-07-16,vct-2025-emea-stage-2,0.8153,-0.1223,0.838,0.6561,0.2127,0.2992,,3,-0.5921,0.1363,
stage regime=off,49,0.4408,0.6987,18,2025-07-16,vct-2025-emea-stage-2,0.8456,-0.1434,0.8524,0.6114,0.1634,0.2869,,3,-0.5655,0.1345,
stage regime=soft-sym,49,0.4408,0.6987,18,2025-07-16,vct-2025-emea-stage-2,0.8456,-0.1434,0.8524,0.6114,0.1634,0.2869,,3,-0.5655,0.1345,
stage regime=soft-asym,49,0.4408,0.6987,18,2025-07-16,vct-2025-emea-stage-2,0.8456,-0.1434,0.8524,0.6114,0.1634,0.2869,,3,-0.5655,0.1345,
split regime=off,49,0.4516,0.7087,18,2025-07-16,vct-2025-emea-stage-2,0.8094,-0.1317,0.838,0.6341,0.2236,0.2992,,3,-0.6013,0.1369,
split regime=soft-sym,49,0.4516,0.7087,18,2025-07-16,vct-2025-emea-stage-2,0.8094,-0.1317,0.838,0.6341,0.2236,0.2992,,3,-0.6013,0.1369,
split regime=soft-asym,49,0.4516,0.7087,18,2025-07-16,vct-2025-emea-stage-2,0.8094,-0.1317,0.838,0.6341,0.2236,0.2992,,3,-0.6013,0.1369,
stage igl=0.25 grades=A,49,0.4046,0.6729,18,2025-07-16,vct-2025-emea-stage-2,0.8609,-0.1238,0.8524,0.6114,-0.0668,0.2869,,3,-0.8612,0.1538,
stage igl=0.25 grades=ABC,49,0.3972,0.6729,18,2025-07-16,vct-2025-emea-stage-2,0.8671,-0.1319,0.788,0.6114,-0.0668,0.2869,,3,-0.868,0.1543,
stage igl=0.35 grades=A,49,0.389,0.645,18,2025-07-16,vct-2025-emea-stage-2,0.866,-0.1126,0.8524,0.6114,-0.1072,0.2869,,3,-1.0228,0.1644,
stage igl=0.35 grades=ABC,49,0.3741,0.645,18,2025-07-16,vct-2025-emea-stage-2,0.8744,-0.1245,0.7469,0.6114,-0.1072,0.2869,,3,-1.0311,0.1649,
stage igl=0.45 grades=A,49,0.3749,0.6016,18,2025-07-16,vct-2025-emea-stage-2,0.8714,-0.1058,0.8524,0.6114,-0.1158,0.2869,,3,-1.1182,0.1706,
stage igl=0.45 grades=ABC,49,0.3582,0.6016,18,2025-07-16,vct-2025-emea-stage-2,0.8819,-0.1214,0.7469,0.6114,-0.1158,0.2869,,3,-1.127,0.1712,
stage hon=3.0,49,0.4332,0.6722,18,2025-07-16,vct-2025-emea-stage-2,0.8515,-0.1394,0.891,0.5916,0.0545,0.3798,,3,-0.6011,0.1369,
stage hon=6.0,49,0.4213,0.636,18,2025-07-16,vct-2025-emea-stage-2,0.8574,-0.158,0.9156,0.5916,-0.0263,0.3798,,3,-0.6727,0.1415,
current(rebuilt),51,0.5953,0.2649,19,2025-07-18,vct-2025-americas-stage-2,0.6461,0.0561,0.6375,0.5795,0.6588,0.2,,4,0.1997,0.0482,
baseline-R2 hl=270,51,0.562,0.3246,19,2025-07-18,vct-2025-americas-stage-2,0.6941,-0.0062,0.6655,0.469,0.5794,0.2,,4,0.379,0.033,
decay regime=off,51,0.6259,0.2992,19,2025-07-18,vct-2025-americas-stage-2,0.6399,0.2013,0.6725,0.5984,0.7559,0.2,,4,-0.0683,0.0711,
decay regime=soft-sym,51,0.6259,0.2992,19,2025-07-18,vct-2025-americas-stage-2,0.6399,0.2013,0.6725,0.5984,0.7559,0.2,,4,-0.0683,0.0711,
decay regime=soft-asym,51,0.6259,0.2992,19,2025-07-18,vct-2025-americas-stage-2,0.6399,0.2013,0.6725,0.5984,0.7559,0.2,,4,-0.0683,0.0711,
stage regime=off,51,0.6175,0.3103,19,2025-07-18,vct-2025-americas-stage-2,0.6557,0.2218,0.6632,0.641,0.7281,-0.0286,,4,-0.0115,0.0662,
stage regime=soft-sym,51,0.6175,0.3103,19,2025-07-18,vct-2025-americas-stage-2,0.6557,0.2218,0.6632,0.641,0.7281,-0.0286,,4,-0.0115,0.0662,
stage regime=soft-asym,51,0.6175,0.3103,19,2025-07-18,vct-2025-americas-stage-2,0.6557,0.2218,0.6632,0.641,0.7281,-0.0286,,4,-0.0115,0.0662,
split regime=off,51,0.6222,0.2973,19,2025-07-18,vct-2025-americas-stage-2,0.6471,0.2045,0.6678,0.5953,0.7506,0.087,,4,-0.0825,0.0723,
split regime=soft-sym,51,0.6222,0.2973,19,2025-07-18,vct-2025-americas-stage-2,0.6471,0.2045,0.6678,0.5953,0.7506,0.087,,4,-0.0825,0.0723,
split regime=soft-asym,51,0.6222,0.2973,19,2025-07-18,vct-2025-americas-stage-2,0.6471,0.2045,0.6678,0.5953,0.7506,0.087,,4,-0.0825,0.0723,
stage igl=0.25 grades=A,51,0.6288,0.3434,19,2025-07-18,vct-2025-americas-stage-2,0.6549,0.2068,0.6632,0.6595,0.734,-0.0286,,4,0.1109,0.0558,
stage igl=0.25 grades=ABC,51,0.6288,0.3434,19,2025-07-18,vct-2025-americas-stage-2,0.6549,0.2068,0.6632,0.6595,0.734,-0.0286,,4,0.1109,0.0558,
stage igl=0.35 grades=A,51,0.627,0.3663,19,2025-07-18,vct-2025-americas-stage-2,0.6547,0.2001,0.6632,0.6576,0.7393,-0.0286,,4,0.176,0.0503,
stage igl=0.35 grades=ABC,51,0.627,0.3663,19,2025-07-18,vct-2025-americas-stage-2,0.6547,0.2001,0.6632,0.6576,0.7393,-0.0286,,4,0.176,0.0503,
stage igl=0.45 grades=A,51,0.6276,0.3877,19,2025-07-18,vct-2025-americas-stage-2,0.6518,0.1957,0.6632,0.6389,0.7393,-0.0286,,4,0.2198,0.0465,
stage igl=0.45 grades=ABC,51,0.6276,0.3877,19,2025-07-18,vct-2025-americas-stage-2,0.6518,0.1957,0.6632,0.6389,0.7393,-0.0286,,4,0.2198,0.0465,
stage hon=3.0,51,0.6309,0.3371,19,2025-07-18,vct-2025-americas-stage-2,0.631,0.2108,0.6503,0.622,0.7467,-0.0286,,4,-0.0867,0.0726,
stage hon=6.0,51,0.6315,0.342,19,2025-07-18,vct-2025-americas-stage-2,0.6302,0.201,0.6408,0.622,0.7467,-0.0286,,4,-0.0808,0.0721,
current(rebuilt),80,0.2742,0.5592,71,2025-09-12,valorant-champions-2025,0.9188,0.1011,0.2812,0.3039,0.2407,0.407,0.5394,10,0.202,-0.0251,0.7576
baseline-R2 hl=270,80,0.3652,0.6211,71,2025-09-12,valorant-champions-2025,0.8385,-0.012,0.2493,0.4105,0.5125,0.418,0.6727,10,0.2741,-0.0354,0.7576
decay regime=off,80,0.1086,0.3093,71,2025-09-12,valorant-champions-2025,1.0874,0.1429,0.439,-0.1838,0.2288,-0.054,0.3333,10,-0.3333,0.0514,0.5636
decay regime=soft-sym,80,0.1067,0.3111,71,2025-09-12,valorant-champions-2025,1.0859,0.1408,0.3959,-0.176,0.2189,-0.054,0.3333,10,-0.3053,0.0474,0.5636
decay regime=soft-asym,80,0.1086,0.3093,71,2025-09-12,valorant-champions-2025,1.0874,0.1429,0.439,-0.1838,0.2288,-0.054,0.3333,10,-0.3333,0.0514,0.5636
stage regime=off,80,0.1303,0.311,71,2025-09-12,valorant-champions-2025,1.0618,0.1513,0.4855,-0.2297,0.3009,0.0595,0.3161,10,-0.3406,0.0524,0.5593
stage regime=soft-sym,80,0.1349,0.3156,71,2025-09-12,valorant-champions-2025,1.056,0.1453,0.4927,-0.2244,0.2863,0.0595,0.3161,10,-0.3115,0.0483,0.5593
stage regime=soft-asym,80,0.1305,0.311,71,2025-09-12,valorant-champions-2025,1.0625,0.1525,0.4855,-0.2297,0.2957,0.0595,0.3161,10,-0.339,0.0522,0.5593
split regime=off,80,0.116,0.3176,71,2025-09-12,valorant-champions-2025,1.0828,0.133,0.4586,-0.2074,0.2475,-0.0232,0.3333,10,-0.3388,0.0522,0.5636
split regime=soft-sym,80,0.1155,0.3206,71,2025-09-12,valorant-champions-2025,1.0823,0.1298,0.4205,-0.1969,0.2338,-0.0232,0.3333,10,-0.3115,0.0482,0.5636
split regime=soft-asym,80,0.116,0.3176,71,2025-09-12,valorant-champions-2025,1.0828,0.133,0.4586,-0.2074,0.2475,-0.0232,0.3333,10,-0.3388,0.0522,0.5636
stage igl=0.25 grades=A,80,0.1221,0.2972,71,2025-09-12,valorant-champions-2025,1.0575,0.1464,0.4855,-0.2311,0.265,0.0595,0.3333,10,-0.3348,0.0516,0.5758
stage igl=0.25 grades=ABC,80,0.1285,0.3132,71,2025-09-12,valorant-champions-2025,1.0499,0.1372,0.4855,-0.23,0.265,0.0595,0.3333,10,-0.3448,0.053,0.5758
stage igl=0.35 grades=A,80,0.1202,0.2917,71,2025-09-12,valorant-champions-2025,1.0585,0.1485,0.4855,-0.2116,0.2406,0.0552,0.4545,10,-0.3552,0.0545,0.5879
stage igl=0.35 grades=ABC,80,0.1294,0.3117,71,2025-09-12,valorant-champions-2025,1.0466,0.1353,0.4855,-0.1869,0.2406,0.0552,0.4545,10,-0.3692,0.0565,0.5879
stage igl=0.45 grades=A,80,0.1169,0.2967,71,2025-09-12,valorant-champions-2025,1.0561,0.1468,0.4855,-0.2151,0.2109,0.0552,0.6159,10,-0.3483,0.0535,0.7622
stage igl=0.45 grades=ABC,80,0.1292,0.3191,71,2025-09-12,valorant-champions-2025,1.0418,0.1297,0.4855,-0.1741,0.2109,0.0552,0.6159,10,-0.3658,0.056,0.7622
stage hon=3.0,80,0.1347,0.3183,71,2025-09-12,valorant-champions-2025,1.0554,0.159,0.5202,-0.2868,0.4229,0.0319,0.3171,10,-0.4197,0.0637,0.5549
stage hon=6.0,80,0.1595,0.3213,71,2025-09-12,valorant-champions-2025,1.0398,0.161,0.5585,-0.2922,0.457,0.0386,0.3283,10,-0.4539,0.0686,0.5714
current(rebuilt),47,0.3967,0.4642,42,2026-01-16,vct-2026-americas-kickoff,0.861,-0.3602,0.0275,0.829,0.4629,0.3162,,4,0.4016,0.0834,
baseline-R2 hl=270,47,0.4348,0.5159,42,2026-01-16,vct-2026-americas-kickoff,0.9125,-0.3189,0.0714,0.829,0.4604,0.527,,4,0.4246,0.0813,
decay regime=off,47,0.3049,0.3466,42,2026-01-16,vct-2026-americas-kickoff,0.8972,-0.0255,-0.044,0.5816,0.5949,0.1054,,4,-0.0759,0.1278,
decay regime=soft-sym,47,0.3073,0.3528,42,2026-01-16,vct-2026-americas-kickoff,0.9011,-0.0105,-0.055,0.5816,0.5949,0.1054,,4,-0.0724,0.1275,
decay regime=soft-asym,47,0.3086,0.3516,42,2026-01-16,vct-2026-americas-kickoff,0.898,-0.0231,-0.044,0.5816,0.5949,0.1054,,4,-0.0706,0.1274,
stage regime=off,47,0.2881,0.2815,42,2026-01-16,vct-2026-americas-kickoff,0.9134,-0.0854,-0.077,0.4743,0.5851,0.1081,,4,-0.0143,0.1221,
stage regime=soft-sym,47,0.2834,0.2915,42,2026-01-16,vct-2026-americas-kickoff,0.9192,-0.0636,-0.0714,0.4743,0.5851,0.1081,,4,-0.0131,0.122,
stage regime=soft-asym,47,0.2902,0.2841,42,2026-01-16,vct-2026-americas-kickoff,0.9142,-0.0827,-0.077,0.4743,0.5851,0.1081,,4,-0.0089,0.1216,
split regime=off,47,0.3014,0.3345,42,2026-01-16,vct-2026-americas-kickoff,0.9018,-0.0232,-0.044,0.5587,0.6282,0.1054,,4,-0.054,0.1258,
split regime=soft-sym,47,0.3039,0.3406,42,2026-01-16,vct-2026-americas-kickoff,0.9059,-0.0083,-0.055,0.5587,0.6282,0.1054,,4,-0.0506,0.1255,
split regime=soft-asym,47,0.3051,0.3394,42,2026-01-16,vct-2026-americas-kickoff,0.9027,-0.0208,-0.044,0.5587,0.6282,0.1054,,4,-0.0487,0.1253,
stage igl=0.25 grades=A,47,0.2853,0.2754,42,2026-01-16,vct-2026-americas-kickoff,0.9098,-0.0888,-0.077,0.4743,0.5584,0.1081,,4,0.0023,0.1206,
stage igl=0.25 grades=ABC,47,0.3103,0.3177,42,2026-01-16,vct-2026-americas-kickoff,0.8999,-0.1342,-0.077,0.6007,0.5262,0.1081,,4,-0.0285,0.1234,
stage igl=0.35 grades=A,47,0.28,0.2713,42,2026-01-16,vct-2026-americas-kickoff,0.9128,-0.0913,-0.077,0.4743,0.4873,0.1081,,4,0.0235,0.1186,
stage igl=0.35 grades=ABC,47,0.3149,0.3232,42,2026-01-16,vct-2026-americas-kickoff,0.9065,-0.1508,-0.077,0.5943,0.4553,0.1081,,4,-0.0128,0.122,
stage igl=0.45 grades=A,47,0.2892,0.2843,42,2026-01-16,vct-2026-americas-kickoff,0.9098,-0.0963,-0.077,0.4743,0.5022,0.1081,,4,0.067,0.1146,
stage igl=0.45 grades=ABC,47,0.3305,0.3364,42,2026-01-16,vct-2026-americas-kickoff,0.904,-0.1704,-0.077,0.5929,0.4701,0.1081,,4,0.0259,0.1184,
stage hon=3.0,47,0.2748,0.2571,42,2026-01-16,vct-2026-americas-kickoff,0.9007,-0.06,-0.0934,0.4682,0.5878,0.1054,,4,-0.1056,0.1306,
stage hon=6.0,47,0.2742,0.2565,42,2026-01-16,vct-2026-americas-kickoff,0.903,-0.0633,-0.0934,0.4682,0.5878,0.1054,,4,-0.1211,0.1321,
current(rebuilt),42,0.3614,0.5077,39,2026-01-20,vct-2026-emea-kickoff,0.9035,0.092,0.1432,0.4304,0.3581,,,4,0.1641,0.1336,
baseline-R2 hl=270,42,0.3711,0.5502,39,2026-01-20,vct-2026-emea-kickoff,0.8715,0.0652,0.1256,0.4974,0.4793,,,4,0.4399,0.1046,
decay regime=off,42,0.372,0.4929,39,2026-01-20,vct-2026-emea-kickoff,0.8966,0.4924,0.1586,0.576,0.0262,,,4,-0.5716,0.211,
decay regime=soft-sym,42,0.3372,0.4528,39,2026-01-20,vct-2026-emea-kickoff,0.9212,0.5102,0.1586,0.576,-0.0621,,,4,-0.5971,0.2137,
decay regime=soft-asym,42,0.372,0.4929,39,2026-01-20,vct-2026-emea-kickoff,0.8966,0.4924,0.1586,0.576,0.0262,,,4,-0.5716,0.211,
stage regime=off,42,0.3875,0.4817,39,2026-01-20,vct-2026-emea-kickoff,0.8965,0.5106,0.1969,0.6255,0.1091,,,4,-0.5677,0.2106,
stage regime=soft-sym,42,0.3651,0.4537,39,2026-01-20,vct-2026-emea-kickoff,0.915,0.5238,0.1969,0.6255,0.0678,,,4,-0.5883,0.2128,
stage regime=soft-asym,42,0.3875,0.4817,39,2026-01-20,vct-2026-emea-kickoff,0.8965,0.5106,0.1969,0.6255,0.1091,,,4,-0.5677,0.2106,
split regime=off,42,0.371,0.4878,39,2026-01-20,vct-2026-emea-kickoff,0.8927,0.4889,0.1621,0.5575,0.029,,,4,-0.5852,0.2125,
split regime=soft-sym,42,0.3457,0.4575,39,2026-01-20,vct-2026-emea-kickoff,0.9113,0.5013,0.1621,0.5575,-0.0594,,,4,-0.6046,0.2145,
split regime=soft-asym,42,0.371,0.4878,39,2026-01-20,vct-2026-emea-kickoff,0.8927,0.4889,0.1621,0.5575,0.029,,,4,-0.5852,0.2125,
stage igl=0.25 grades=A,42,0.3631,0.4662,39,2026-01-20,vct-2026-emea-kickoff,0.9167,0.5262,0.1969,0.7204,-0.0552,,,4,-0.7022,0.2248,
stage igl=0.25 grades=ABC,42,0.3662,0.4895,39,2026-01-20,vct-2026-emea-kickoff,0.9197,0.4834,0.2093,0.7133,-0.0552,,,4,-0.7508,0.2299,
stage igl=0.35 grades=A,42,0.3441,0.4494,39,2026-01-20,vct-2026-emea-kickoff,0.9326,0.531,0.1969,0.7239,-0.0981,,,4,-0.7534,0.2302,
stage igl=0.35 grades=ABC,42,0.3528,0.4915,39,2026-01-20,vct-2026-emea-kickoff,0.9325,0.4735,0.219,0.7138,-0.0981,,,4,-0.8138,0.2366,
stage igl=0.45 grades=A,42,0.3285,0.4271,39,2026-01-20,vct-2026-emea-kickoff,0.9475,0.5364,0.1969,0.7173,-0.1464,,,4,-0.8259,0.2378,
stage igl=0.45 grades=ABC,42,0.3387,0.4841,39,2026-01-20,vct-2026-emea-kickoff,0.9417,0.4586,0.219,0.7209,-0.1464,,,4,-0.899,0.2455,
stage hon=3.0,42,0.3939,0.4851,39,2026-01-20,vct-2026-emea-kickoff,0.8776,0.4774,0.213,0.646,0.1167,,,4,-0.621,0.2162,
stage hon=6.0,42,0.3953,0.481,39,2026-01-20,vct-2026-emea-kickoff,0.8744,0.4642,0.2106,0.646,0.0902,,,4,-0.6399,0.2182,
current(rebuilt),46,0.5222,0.6761,44,2026-01-22,vct-2026-pacific-kickoff,0.7298,0.1293,0.5151,0.8171,0.2741,,,3,-0.3867,0.1712,
baseline-R2 hl=270,46,0.5656,0.6898,44,2026-01-22,vct-2026-pacific-kickoff,0.7217,0.0237,0.443,0.7927,0.4032,,,3,-0.2299,0.1602,
decay regime=off,46,0.4388,0.6911,44,2026-01-22,vct-2026-pacific-kickoff,0.8281,0.3914,0.423,0.3926,0.2608,,,3,-0.6978,0.1929,
decay regime=soft-sym,46,0.4046,0.6632,44,2026-01-22,vct-2026-pacific-kickoff,0.8286,0.3694,0.423,0.3731,0.1711,,,3,-0.7209,0.1945,
decay regime=soft-asym,46,0.4388,0.6911,44,2026-01-22,vct-2026-pacific-kickoff,0.8281,0.3914,0.423,0.3926,0.2608,,,3,-0.6978,0.1929,
stage regime=off,46,0.4463,0.6753,44,2026-01-22,vct-2026-pacific-kickoff,0.8279,0.4147,0.3951,0.4037,0.3015,,,3,-0.7045,0.1934,
stage regime=soft-sym,46,0.4141,0.6501,44,2026-01-22,vct-2026-pacific-kickoff,0.8236,0.3858,0.3951,0.3865,0.2092,,,3,-0.7359,0.1955,
stage regime=soft-asym,46,0.4463,0.6753,44,2026-01-22,vct-2026-pacific-kickoff,0.8279,0.4147,0.3951,0.4037,0.3015,,,3,-0.7045,0.1934,
split regime=off,46,0.4426,0.6822,44,2026-01-22,vct-2026-pacific-kickoff,0.8248,0.4055,0.4292,0.3938,0.2608,,,3,-0.7094,0.1937,
split regime=soft-sym,46,0.4072,0.6525,44,2026-01-22,vct-2026-pacific-kickoff,0.8284,0.3836,0.4292,0.3742,0.1711,,,3,-0.7323,0.1953,
split regime=soft-asym,46,0.4426,0.6822,44,2026-01-22,vct-2026-pacific-kickoff,0.8248,0.4055,0.4292,0.3938,0.2608,,,3,-0.7094,0.1937,
stage igl=0.25 grades=A,46,0.4465,0.6467,44,2026-01-22,vct-2026-pacific-kickoff,0.8204,0.4302,0.3951,0.4037,0.2695,,,3,-0.9207,0.2084,
stage igl=0.25 grades=ABC,46,0.4153,0.6375,44,2026-01-22,vct-2026-pacific-kickoff,0.8414,0.4063,0.3951,0.3476,0.27,,,3,-0.9405,0.2098,
stage igl=0.35 grades=A,46,0.4462,0.6343,44,2026-01-22,vct-2026-pacific-kickoff,0.8166,0.4346,0.3951,0.4037,0.2585,,,3,-0.9827,0.2128,
stage igl=0.35 grades=ABC,46,0.4035,0.6203,44,2026-01-22,vct-2026-pacific-kickoff,0.8468,0.4022,0.3951,0.3476,0.2369,,,3,-1.0057,0.2144,
stage igl=0.45 grades=A,46,0.4438,0.6301,44,2026-01-22,vct-2026-pacific-kickoff,0.8208,0.4411,0.3951,0.4037,0.2515,,,3,-1.0715,0.219,
stage igl=0.45 grades=ABC,46,0.3946,0.6137,44,2026-01-22,vct-2026-pacific-kickoff,0.8548,0.4004,0.3951,0.315,0.2097,,,3,-1.0966,0.2207,
stage hon=3.0,46,0.4525,0.6743,44,2026-01-22,vct-2026-pacific-kickoff,0.8357,0.4477,0.406,0.3731,0.3054,,,3,-0.7734,0.1982,
stage hon=6.0,46,0.4525,0.6755,44,2026-01-22,vct-2026-pacific-kickoff,0.8343,0.4597,0.406,0.3731,0.3046,,,3,-0.7848,0.199,
current(rebuilt),48,0.2249,0.39,44,2026-01-22,vct-2026-china-kickoff,0.9861,-0.5219,0.7531,0.1982,-0.2257,,0.1026,5,-0.4758,0.0604,0.9
baseline-R2 hl=270,48,0.2641,0.4065,44,2026-01-22,vct-2026-china-kickoff,0.9881,-0.655,0.7335,0.3833,-0.0654,,-0.3591,5,-0.2933,0.0391,0.9
decay regime=off,48,0.2196,0.3337,44,2026-01-22,vct-2026-china-kickoff,1.0404,-0.4451,0.7592,0.1126,-0.2833,,0.0513,5,-0.3516,0.0459,0.6
decay regime=soft-sym,48,0.2196,0.3337,44,2026-01-22,vct-2026-china-kickoff,1.0404,-0.4451,0.7592,0.1126,-0.2833,,0.0513,5,-0.3516,0.0459,0.6
decay regime=soft-asym,48,0.2196,0.3337,44,2026-01-22,vct-2026-china-kickoff,1.0404,-0.4451,0.7592,0.1126,-0.2833,,0.0513,5,-0.3516,0.0459,0.6
stage regime=off,48,0.1958,0.3208,44,2026-01-22,vct-2026-china-kickoff,1.0547,-0.3709,0.7502,0.0999,-0.3375,,0.0513,5,-0.2828,0.0379,0.6
stage regime=soft-sym,48,0.1958,0.3208,44,2026-01-22,vct-2026-china-kickoff,1.0547,-0.3709,0.7502,0.0999,-0.3375,,0.0513,5,-0.2828,0.0379,0.6
stage regime=soft-asym,48,0.1958,0.3208,44,2026-01-22,vct-2026-china-kickoff,1.0547,-0.3709,0.7502,0.0999,-0.3375,,0.0513,5,-0.2828,0.0379,0.6
split regime=off,48,0.2153,0.3284,44,2026-01-22,vct-2026-china-kickoff,1.0456,-0.4523,0.7536,0.1126,-0.265,,0.0513,5,-0.3389,0.0444,0.6
split regime=soft-sym,48,0.2153,0.3284,44,2026-01-22,vct-2026-china-kickoff,1.0456,-0.4523,0.7536,0.1126,-0.265,,0.0513,5,-0.3389,0.0444,0.6
split regime=soft-asym,48,0.2153,0.3284,44,2026-01-22,vct-2026-china-kickoff,1.0456,-0.4523,0.7536,0.1126,-0.265,,0.0513,5,-0.3389,0.0444,0.6
stage igl=0.25 grades=A,48,0.1666,0.3308,44,2026-01-22,vct-2026-china-kickoff,1.0656,-0.3905,0.7384,0.0807,-0.3599,,-0.2052,5,-0.131,0.0203,0.7
stage igl=0.25 grades=ABC,48,0.1616,0.325,44,2026-01-22,vct-2026-china-kickoff,1.0684,-0.3969,0.7384,0.0549,-0.3599,,-0.2052,5,-0.1376,0.021,0.7
stage igl=0.35 grades=A,48,0.1516,0.3113,44,2026-01-22,vct-2026-china-kickoff,1.074,-0.3955,0.7088,0.069,-0.3548,,-0.5643,5,-0.0914,0.0157,0.5
stage igl=0.35 grades=ABC,48,0.1468,0.3054,44,2026-01-22,vct-2026-china-kickoff,1.0774,-0.4039,0.7088,0.0378,-0.3548,,-0.5643,5,-0.1008,0.0168,0.5
stage igl=0.45 grades=A,48,0.1433,0.3018,44,2026-01-22,vct-2026-china-kickoff,1.0772,-0.4051,0.6625,0.0511,-0.3548,,-0.5789,5,-0.0117,0.0064,0.3591
stage igl=0.45 grades=ABC,48,0.1393,0.2971,44,2026-01-22,vct-2026-china-kickoff,1.081,-0.4154,0.6625,0.02,-0.3548,,-0.5789,5,-0.0246,0.0079,0.3591
stage hon=3.0,48,0.205,0.3159,44,2026-01-22,vct-2026-china-kickoff,1.0402,-0.3741,0.7413,0.0733,-0.2839,,0.0,5,-0.3549,0.0463,0.4617
stage hon=6.0,48,0.2015,0.3116,44,2026-01-22,vct-2026-china-kickoff,1.0418,-0.3734,0.7413,0.0733,-0.2839,,0.0,5,-0.3751,0.0487,0.4617
current(rebuilt),60,0.4085,0.4909,59,2026-03-01,valorant-masters-santiago-2026,0.8528,-0.0823,0.3379,0.5275,0.5029,,0.25,7,0.0891,-0.0118,0.2857
baseline-R2 hl=270,60,0.3787,0.5454,59,2026-03-01,valorant-masters-santiago-2026,0.8713,0.0251,0.3644,0.522,0.4294,,0.0,7,0.1894,-0.025,0.25
decay regime=off,60,0.3296,0.4029,59,2026-03-01,valorant-masters-santiago-2026,0.8766,0.0628,0.2995,0.3035,0.4337,,0.0714,7,-0.0838,0.0111,-0.1071
decay regime=soft-sym,60,0.3296,0.4029,59,2026-03-01,valorant-masters-santiago-2026,0.8766,0.0628,0.2995,0.3035,0.4337,,0.0714,7,-0.0838,0.0111,-0.1071
decay regime=soft-asym,60,0.3296,0.4029,59,2026-03-01,valorant-masters-santiago-2026,0.8766,0.0628,0.2995,0.3035,0.4337,,0.0714,7,-0.0838,0.0111,-0.1071
stage regime=off,60,0.316,0.3827,59,2026-03-01,valorant-masters-santiago-2026,0.8738,0.0605,0.3263,0.3168,0.3604,,0.0714,7,-0.094,0.0124,-0.1071
stage regime=soft-sym,60,0.316,0.3827,59,2026-03-01,valorant-masters-santiago-2026,0.8738,0.0605,0.3263,0.3168,0.3604,,0.0714,7,-0.094,0.0124,-0.1071
stage regime=soft-asym,60,0.316,0.3827,59,2026-03-01,valorant-masters-santiago-2026,0.8738,0.0605,0.3263,0.3168,0.3604,,0.0714,7,-0.094,0.0124,-0.1071
split regime=off,60,0.3237,0.4019,59,2026-03-01,valorant-masters-santiago-2026,0.8786,0.0628,0.2995,0.2956,0.4104,,0.0714,7,-0.0839,0.0111,-0.1071
split regime=soft-sym,60,0.3237,0.4019,59,2026-03-01,valorant-masters-santiago-2026,0.8786,0.0628,0.2995,0.2956,0.4104,,0.0714,7,-0.0839,0.0111,-0.1071
split regime=soft-asym,60,0.3237,0.4019,59,2026-03-01,valorant-masters-santiago-2026,0.8786,0.0628,0.2995,0.2956,0.4104,,0.0714,7,-0.0839,0.0111,-0.1071
stage igl=0.25 grades=A,60,0.3273,0.4018,59,2026-03-01,valorant-masters-santiago-2026,0.8798,0.0797,0.3263,0.332,0.3815,,0.2857,7,-0.2437,0.0322,0.2143
stage igl=0.25 grades=ABC,60,0.343,0.4286,59,2026-03-01,valorant-masters-santiago-2026,0.8823,0.0272,0.3263,0.4365,0.3403,,0.2857,7,-0.288,0.038,0.2143
stage igl=0.35 grades=A,60,0.3383,0.407,59,2026-03-01,valorant-masters-santiago-2026,0.8878,0.0863,0.3263,0.3609,0.3864,,0.3063,7,-0.2957,0.0391,0.2342
stage igl=0.35 grades=ABC,60,0.3563,0.4379,59,2026-03-01,valorant-masters-santiago-2026,0.8851,0.0152,0.3263,0.4869,0.3227,,0.3063,7,-0.3513,0.0464,0.2342
stage igl=0.45 grades=A,60,0.3402,0.411,59,2026-03-01,valorant-masters-santiago-2026,0.9025,0.0907,0.3263,0.3278,0.3933,,0.3571,7,-0.3296,0.0435,0.4286
stage igl=0.45 grades=ABC,60,0.3492,0.4417,59,2026-03-01,valorant-masters-santiago-2026,0.8958,0.0003,0.3263,0.4924,0.2992,,0.3571,7,-0.3949,0.0522,0.4286
stage hon=3.0,60,0.3593,0.3998,59,2026-03-01,valorant-masters-santiago-2026,0.8485,0.0895,0.4005,0.3747,0.3595,,0.0714,7,-0.1934,0.0255,-0.1071
stage hon=6.0,60,0.3601,0.4015,59,2026-03-01,valorant-masters-santiago-2026,0.8611,0.0952,0.4197,0.3631,0.3383,,0.0714,7,-0.2292,0.0303,-0.1071
current(rebuilt),54,0.4835,0.4164,48,2026-03-31,vct-2026-china-stage-1,0.8342,0.0712,0.3355,0.5429,0.541,0.6,0.6,5,-0.2342,0.1982,0.5
baseline-R2 hl=270,54,0.4896,0.4083,48,2026-03-31,vct-2026-china-stage-1,0.7998,0.0523,0.3208,0.2487,0.6099,0.6,0.8,5,-0.0397,0.1784,0.2
decay regime=off,54,0.4227,0.2795,48,2026-03-31,vct-2026-china-stage-1,0.8299,0.1534,0.4211,0.29,0.3757,0.6,0.7,5,0.0208,0.1722,-0.3
decay regime=soft-sym,54,0.4227,0.2795,48,2026-03-31,vct-2026-china-stage-1,0.8299,0.1534,0.4211,0.29,0.3757,0.6,0.7,5,0.0208,0.1722,-0.3
decay regime=soft-asym,54,0.4227,0.2795,48,2026-03-31,vct-2026-china-stage-1,0.8299,0.1534,0.4211,0.29,0.3757,0.6,0.7,5,0.0208,0.1722,-0.3
stage regime=off,54,0.426,0.3005,48,2026-03-31,vct-2026-china-stage-1,0.8247,0.1846,0.4771,0.2759,0.3829,0.7,0.7,5,0.0836,0.1658,-0.3
stage regime=soft-sym,54,0.426,0.3005,48,2026-03-31,vct-2026-china-stage-1,0.8247,0.1846,0.4771,0.2759,0.3829,0.7,0.7,5,0.0836,0.1658,-0.3
stage regime=soft-asym,54,0.426,0.3005,48,2026-03-31,vct-2026-china-stage-1,0.8247,0.1846,0.4771,0.2759,0.3829,0.7,0.7,5,0.0836,0.1658,-0.3
split regime=off,54,0.4216,0.2842,48,2026-03-31,vct-2026-china-stage-1,0.8322,0.1655,0.4274,0.29,0.3757,0.6,0.7,5,0.0315,0.1711,-0.3
split regime=soft-sym,54,0.4216,0.2842,48,2026-03-31,vct-2026-china-stage-1,0.8322,0.1655,0.4274,0.29,0.3757,0.6,0.7,5,0.0315,0.1711,-0.3
split regime=soft-asym,54,0.4216,0.2842,48,2026-03-31,vct-2026-china-stage-1,0.8322,0.1655,0.4274,0.29,0.3757,0.6,0.7,5,0.0315,0.1711,-0.3
stage igl=0.25 grades=A,54,0.4325,0.3104,48,2026-03-31,vct-2026-china-stage-1,0.8144,0.1858,0.4771,0.297,0.3897,0.6669,0.9,5,0.1111,0.163,0.1
stage igl=0.25 grades=ABC,54,0.4185,0.3134,48,2026-03-31,vct-2026-china-stage-1,0.8267,0.1675,0.4771,0.1673,0.3897,0.6669,0.9,5,0.0923,0.1649,0.1
stage igl=0.35 grades=A,54,0.4278,0.307,48,2026-03-31,vct-2026-china-stage-1,0.8095,0.1865,0.4771,0.2619,0.3885,0.6669,0.9,5,0.1126,0.1628,0.1
stage igl=0.35 grades=ABC,54,0.3996,0.3098,48,2026-03-31,vct-2026-china-stage-1,0.826,0.1587,0.4771,0.0158,0.3885,0.6669,0.9,5,0.0835,0.1658,0.1
stage igl=0.45 grades=A,54,0.4225,0.3147,48,2026-03-31,vct-2026-china-stage-1,0.8084,0.1871,0.4771,0.2597,0.3833,0.6669,0.9747,5,0.1138,0.1627,0.2052
stage igl=0.45 grades=ABC,54,0.385,0.3167,48,2026-03-31,vct-2026-china-stage-1,0.828,0.1522,0.4771,-0.0265,0.3833,0.6669,0.9747,5,0.0771,0.1665,0.2052
stage hon=3.0,54,0.4343,0.3004,48,2026-03-31,vct-2026-china-stage-1,0.8023,0.1866,0.5048,0.286,0.3867,0.7,0.7,5,-0.0023,0.1746,-0.3
stage hon=6.0,54,0.4445,0.307,48,2026-03-31,vct-2026-china-stage-1,0.784,0.1865,0.5162,0.286,0.4009,0.7,0.7,5,-0.0308,0.1775,-0.3
current(rebuilt),55,0.3002,0.5439,48,2026-04-01,vct-2026-emea-stage-1,0.9243,-0.41,0.2616,0.4966,0.2829,0.1802,,4,-0.1996,0.0474,
baseline-R2 hl=270,55,0.365,0.5727,48,2026-04-01,vct-2026-emea-stage-1,0.8656,-0.4725,0.2924,0.3736,0.4363,0.1261,,4,0.1633,0.019,
decay regime=off,55,0.3897,0.558,48,2026-04-01,vct-2026-emea-stage-1,0.8858,-0.3225,0.518,0.3508,0.2432,0.1441,,4,-0.5136,0.0721,
decay regime=soft-sym,55,0.3897,0.558,48,2026-04-01,vct-2026-emea-stage-1,0.8858,-0.3225,0.518,0.3508,0.2432,0.1441,,4,-0.5136,0.0721,
decay regime=soft-asym,55,0.3897,0.558,48,2026-04-01,vct-2026-emea-stage-1,0.8858,-0.3225,0.518,0.3508,0.2432,0.1441,,4,-0.5136,0.0721,
stage regime=off,55,0.3708,0.5209,48,2026-04-01,vct-2026-emea-stage-1,0.8821,-0.2945,0.4758,0.29,0.275,0.2431,,4,-0.4851,0.0698,
stage regime=soft-sym,55,0.3708,0.5209,48,2026-04-01,vct-2026-emea-stage-1,0.8821,-0.2945,0.4758,0.29,0.275,0.2431,,4,-0.4851,0.0698,
stage regime=soft-asym,55,0.3708,0.5209,48,2026-04-01,vct-2026-emea-stage-1,0.8821,-0.2945,0.4758,0.29,0.275,0.2431,,4,-0.4851,0.0698,
split regime=off,55,0.3933,0.5547,48,2026-04-01,vct-2026-emea-stage-1,0.8849,-0.3093,0.5136,0.3508,0.2627,0.1441,,4,-0.4976,0.0708,
split regime=soft-sym,55,0.3933,0.5547,48,2026-04-01,vct-2026-emea-stage-1,0.8849,-0.3093,0.5136,0.3508,0.2627,0.1441,,4,-0.4976,0.0708,
split regime=soft-asym,55,0.3933,0.5547,48,2026-04-01,vct-2026-emea-stage-1,0.8849,-0.3093,0.5136,0.3508,0.2627,0.1441,,4,-0.4976,0.0708,
stage igl=0.25 grades=A,55,0.3838,0.5052,48,2026-04-01,vct-2026-emea-stage-1,0.8719,-0.28,0.4969,0.29,0.2542,0.2182,,4,-0.6924,0.0861,
stage igl=0.25 grades=ABC,55,0.3946,0.5536,48,2026-04-01,vct-2026-emea-stage-1,0.8548,-0.3228,0.4969,0.3081,0.2251,0.2182,,4,-0.7352,0.0894,
stage igl=0.35 grades=A,55,0.3868,0.4918,48,2026-04-01,vct-2026-emea-stage-1,0.8696,-0.2722,0.5077,0.29,0.221,0.2182,,4,-0.7833,0.0932,
stage igl=0.35 grades=ABC,55,0.4034,0.5537,48,2026-04-01,vct-2026-emea-stage-1,0.8543,-0.3301,0.5077,0.3128,0.1899,0.2182,,4,-0.84,0.0977,
stage igl=0.45 grades=A,55,0.3937,0.49,48,2026-04-01,vct-2026-emea-stage-1,0.8729,-0.2655,0.5382,0.29,0.2147,0.2182,,4,-0.8497,0.0984,
stage igl=0.45 grades=ABC,55,0.405,0.5657,48,2026-04-01,vct-2026-emea-stage-1,0.8529,-0.3372,0.5382,0.2857,0.1815,0.2182,,4,-0.9182,0.1038,
stage hon=3.0,55,0.3775,0.5368,48,2026-04-01,vct-2026-emea-stage-1,0.8786,-0.3099,0.4644,0.29,0.2979,0.2182,,4,-0.5386,0.074,
stage hon=6.0,55,0.382,0.5382,48,2026-04-01,vct-2026-emea-stage-1,0.878,-0.3157,0.4644,0.29,0.3062,0.2182,,4,-0.5552,0.0753,
current(rebuilt),58,0.5295,0.6042,54,2026-04-03,vct-2026-pacific-stage-1,0.751,0.0153,0.7201,0.7552,0.3519,0.1071,,4,0.0517,0.0998,
baseline-R2 hl=270,58,0.5619,0.6518,54,2026-04-03,vct-2026-pacific-stage-1,0.7124,-0.065,0.7354,0.6573,0.488,0.25,,4,0.2002,0.0888,
decay regime=off,58,0.5764,0.5931,54,2026-04-03,vct-2026-pacific-stage-1,0.7007,0.1508,0.6568,0.8526,0.6002,-0.1786,,4,-0.0268,0.1056,
decay regime=soft-sym,58,0.5594,0.5784,54,2026-04-03,vct-2026-pacific-stage-1,0.7044,0.1539,0.6303,0.8526,0.5817,-0.1429,,4,0.1115,0.0954,
decay regime=soft-asym,58,0.5764,0.5931,54,2026-04-03,vct-2026-pacific-stage-1,0.7007,0.1508,0.6568,0.8526,0.6002,-0.1786,,4,-0.0268,0.1056,
stage regime=off,58,0.5608,0.5739,54,2026-04-03,vct-2026-pacific-stage-1,0.7252,0.1498,0.6487,0.8531,0.5626,-0.1786,,4,0.0552,0.0995,
stage regime=soft-sym,58,0.5455,0.5589,54,2026-04-03,vct-2026-pacific-stage-1,0.7298,0.1547,0.6223,0.8531,0.5402,-0.1622,,4,0.1676,0.0912,
stage regime=soft-asym,58,0.5608,0.5739,54,2026-04-03,vct-2026-pacific-stage-1,0.7252,0.1498,0.6487,0.8531,0.5626,-0.1786,,4,0.0552,0.0995,
split regime=off,58,0.5797,0.5982,54,2026-04-03,vct-2026-pacific-stage-1,0.6935,0.1356,0.6568,0.8526,0.6016,-0.1786,,4,0.0137,0.1026,
split regime=soft-sym,58,0.5646,0.5851,54,2026-04-03,vct-2026-pacific-stage-1,0.6965,0.1384,0.6303,0.8526,0.5777,-0.1429,,4,0.1512,0.0924,
split regime=soft-asym,58,0.5797,0.5982,54,2026-04-03,vct-2026-pacific-stage-1,0.6935,0.1356,0.6568,0.8526,0.6016,-0.1786,,4,0.0137,0.1026,
stage igl=0.25 grades=A,58,0.548,0.5613,54,2026-04-03,vct-2026-pacific-stage-1,0.7339,0.1716,0.6487,0.8476,0.5227,-0.1786,,4,-0.2319,0.1208,
stage igl=0.25 grades=ABC,58,0.5628,0.5716,54,2026-04-03,vct-2026-pacific-stage-1,0.7062,0.1317,0.6487,0.7706,0.6018,-0.1786,,4,-0.2714,0.1237,
stage igl=0.35 grades=A,58,0.5389,0.5499,54,2026-04-03,vct-2026-pacific-stage-1,0.7376,0.1792,0.6487,0.8476,0.5018,-0.1786,,4,-0.3269,0.1278,
stage igl=0.35 grades=ABC,58,0.5549,0.5612,54,2026-04-03,vct-2026-pacific-stage-1,0.6956,0.1223,0.6487,0.7215,0.6193,-0.1786,,4,-0.3838,0.1321,
stage igl=0.45 grades=A,58,0.535,0.5446,54,2026-04-03,vct-2026-pacific-stage-1,0.7393,0.1925,0.6487,0.8511,0.4515,-0.1786,,4,-0.4921,0.1401,
stage igl=0.45 grades=ABC,58,0.5521,0.5601,54,2026-04-03,vct-2026-pacific-stage-1,0.6963,0.1227,0.6487,0.6737,0.5865,-0.1786,,4,-0.5591,0.145,
stage hon=3.0,58,0.5549,0.5793,54,2026-04-03,vct-2026-pacific-stage-1,0.7258,0.1578,0.6471,0.8196,0.5227,-0.1786,,4,0.0022,0.1035,
stage hon=6.0,58,0.5589,0.585,54,2026-04-03,vct-2026-pacific-stage-1,0.7244,0.1616,0.6559,0.8196,0.5292,-0.1786,,4,-0.0143,0.1047,
current(rebuilt),58,0.5033,0.5044,47,2026-04-11,vct-2026-americas-stage-1,0.7681,-0.1385,0.6671,0.4704,0.2741,0.6015,,4,-0.4499,0.0945,
baseline-R2 hl=270,58,0.4605,0.5,47,2026-04-11,vct-2026-americas-stage-1,0.8403,-0.1904,0.6155,0.3274,0.3313,0.5033,,4,-0.4043,0.0911,
decay regime=off,58,0.314,0.2753,47,2026-04-11,vct-2026-americas-stage-1,0.9381,-0.0679,0.5578,-0.0845,0.1432,0.5033,,4,-0.7587,0.1173,
decay regime=soft-sym,58,0.3143,0.2852,47,2026-04-11,vct-2026-americas-stage-1,0.9286,-0.0838,0.5578,-0.0666,0.1432,0.5033,,4,-0.6127,0.1065,
decay regime=soft-asym,58,0.3143,0.2762,47,2026-04-11,vct-2026-americas-stage-1,0.9387,-0.0667,0.5578,-0.0666,0.1432,0.5033,,4,-0.7548,0.1171,
stage regime=off,58,0.297,0.2339,47,2026-04-11,vct-2026-americas-stage-1,0.9641,-0.1224,0.5388,-0.1108,0.0871,0.5033,,4,-0.7425,0.1161,
stage regime=soft-sym,58,0.2962,0.246,47,2026-04-11,vct-2026-americas-stage-1,0.9572,-0.1336,0.5388,-0.0979,0.0871,0.5033,,4,-0.6101,0.1063,
stage regime=soft-asym,58,0.2969,0.2416,47,2026-04-11,vct-2026-americas-stage-1,0.9665,-0.1182,0.5388,-0.0838,0.0871,0.5033,,4,-0.7311,0.1153,
split regime=off,58,0.3067,0.2715,47,2026-04-11,vct-2026-americas-stage-1,0.9392,-0.0854,0.5664,-0.0845,0.1049,0.5033,,4,-0.7178,0.1143,
split regime=soft-sym,58,0.3071,0.2812,47,2026-04-11,vct-2026-americas-stage-1,0.9313,-0.0997,0.5664,-0.0666,0.1049,0.5033,,4,-0.5946,0.1052,
split regime=soft-asym,58,0.307,0.2724,47,2026-04-11,vct-2026-americas-stage-1,0.9399,-0.0842,0.5664,-0.0666,0.1049,0.5033,,4,-0.7139,0.114,
stage igl=0.25 grades=A,58,0.2991,0.2341,47,2026-04-11,vct-2026-americas-stage-1,0.9644,-0.1183,0.5388,-0.1193,0.1052,0.5033,,4,-0.7935,0.1199,
stage igl=0.25 grades=ABC,58,0.3062,0.2931,47,2026-04-11,vct-2026-americas-stage-1,0.9446,-0.1712,0.5388,-0.0609,0.1454,0.5033,,4,-0.8424,0.1235,
stage igl=0.35 grades=A,58,0.3008,0.2346,47,2026-04-11,vct-2026-americas-stage-1,0.9653,-0.118,0.5388,-0.1193,0.1187,0.5033,,4,-0.7951,0.12,
stage igl=0.35 grades=ABC,58,0.3007,0.3009,47,2026-04-11,vct-2026-americas-stage-1,0.9338,-0.1918,0.5388,-0.0609,0.1562,0.5033,,4,-0.8549,0.1245,
stage igl=0.45 grades=A,58,0.3034,0.2367,47,2026-04-11,vct-2026-americas-stage-1,0.9674,-0.115,0.5388,-0.1193,0.1286,0.5033,,4,-0.8406,0.1234,
stage igl=0.45 grades=ABC,58,0.31,0.3326,47,2026-04-11,vct-2026-americas-stage-1,0.9265,-0.2134,0.5388,-0.0609,0.1928,0.5033,,4,-0.9062,0.1283,
stage hon=3.0,58,0.2857,0.2116,47,2026-04-11,vct-2026-americas-stage-1,0.9736,-0.1196,0.4889,-0.0704,0.0927,0.5063,,4,-0.8287,0.1225,
stage hon=6.0,58,0.2842,0.2045,47,2026-04-11,vct-2026-americas-stage-1,0.9758,-0.1233,0.4889,-0.0553,0.0927,0.5063,,4,-0.8474,0.1239,
current(rebuilt),60,0.469,0.6404,58,2026-06-06,valorant-masters-london-2026,0.8181,-0.009,0.4245,-0.0028,0.5165,0.9483,0.4058,6,-0.1783,0.0198,0.3714
baseline-R2 hl=270,60,0.4649,0.6406,58,2026-06-06,valorant-masters-london-2026,0.8206,0.1132,0.4567,-0.022,0.5648,0.9605,0.2319,6,-0.067,0.0074,0.4286
decay regime=off,60,0.2795,0.4051,58,2026-06-06,valorant-masters-london-2026,0.9494,0.0938,0.4157,0.0731,-0.194,0.6201,-0.4928,6,-0.3997,0.0444,0.0286
decay regime=soft-sym,60,0.2752,0.4006,58,2026-06-06,valorant-masters-london-2026,0.9522,0.0866,0.4157,0.0731,-0.2159,0.6201,-0.4928,6,-0.4059,0.0451,0.0286
decay regime=soft-asym,60,0.2795,0.4051,58,2026-06-06,valorant-masters-london-2026,0.9494,0.0938,0.4157,0.0731,-0.194,0.6201,-0.4928,6,-0.3997,0.0444,0.0286
stage regime=off,60,0.2424,0.3967,58,2026-06-06,valorant-masters-london-2026,0.9578,0.0063,0.3083,0.0772,-0.1702,0.7052,-0.4058,6,-0.4185,0.0465,-0.0857
stage regime=soft-sym,60,0.2382,0.3906,58,2026-06-06,valorant-masters-london-2026,0.9618,-0.0005,0.3083,0.0772,-0.2144,0.7052,-0.4058,6,-0.4249,0.0472,-0.0857
stage regime=soft-asym,60,0.2424,0.3967,58,2026-06-06,valorant-masters-london-2026,0.9578,0.0063,0.3083,0.0772,-0.1702,0.7052,-0.4058,6,-0.4185,0.0465,-0.0857
split regime=off,60,0.2901,0.4077,58,2026-06-06,valorant-masters-london-2026,0.9454,0.0785,0.3996,0.0719,-0.1652,0.6463,-0.4058,6,-0.3739,0.0415,-0.0857
split regime=soft-sym,60,0.2858,0.4033,58,2026-06-06,valorant-masters-london-2026,0.9483,0.0714,0.3996,0.0719,-0.187,0.6463,-0.4058,6,-0.3804,0.0423,-0.0857
split regime=soft-asym,60,0.2901,0.4077,58,2026-06-06,valorant-masters-london-2026,0.9454,0.0785,0.3996,0.0719,-0.1652,0.6463,-0.4058,6,-0.3739,0.0415,-0.0857
stage igl=0.25 grades=A,60,0.2438,0.4048,58,2026-06-06,valorant-masters-london-2026,0.9554,0.0302,0.3083,0.0221,-0.1806,0.6809,-0.1471,6,-0.6304,0.07,0.058
stage igl=0.25 grades=ABC,60,0.277,0.4287,58,2026-06-06,valorant-masters-london-2026,0.9295,-0.0068,0.3083,0.1766,-0.1806,0.6809,-0.1471,6,-0.6664,0.074,0.058
stage igl=0.35 grades=A,60,0.2418,0.4019,58,2026-06-06,valorant-masters-london-2026,0.9577,0.0436,0.3083,0.0221,-0.1826,0.6809,0.0,6,-0.7511,0.0835,0.0857
stage igl=0.35 grades=ABC,60,0.2915,0.4345,58,2026-06-06,valorant-masters-london-2026,0.9254,-0.0086,0.3083,0.2328,-0.1916,0.6809,0.0,6,-0.7981,0.0887,0.0857
stage igl=0.45 grades=A,60,0.2416,0.4016,58,2026-06-06,valorant-masters-london-2026,0.9571,0.0522,0.3083,0.0221,-0.1826,0.6809,0.0294,6,-0.8276,0.092,0.1739
stage igl=0.45 grades=ABC,60,0.3035,0.4344,58,2026-06-06,valorant-masters-london-2026,0.915,-0.0153,0.3083,0.2603,-0.1916,0.6809,0.0294,6,-0.8838,0.0982,0.1739
stage hon=3.0,60,0.268,0.4098,58,2026-06-06,valorant-masters-london-2026,0.9649,0.0021,0.3517,0.0938,-0.0506,0.7195,-0.0882,6,-0.5298,0.0589,-0.116
stage hon=6.0,60,0.27,0.3996,58,2026-06-06,valorant-masters-london-2026,0.971,-0.0,0.3672,0.0828,0.033,0.7052,0.1176,6,-0.5947,0.0661,-0.029
current(rebuilt),58,0.3191,,0,2026-07-09,vct-2026-china-stage-2,0.9014,-0.0987,0.5503,0.1047,0.0996,0.3789,-0.1429,6,-0.2231,0.1691,
baseline-R2 hl=270,58,0.3896,,0,2026-07-09,vct-2026-china-stage-2,0.8251,-0.1124,0.4953,0.1763,-0.0055,0.6211,-0.3143,6,-0.0423,0.1482,
decay regime=off,58,0.2392,,0,2026-07-09,vct-2026-china-stage-2,0.9754,-0.0416,0.5151,0.0483,-0.0859,0.4814,-0.1429,6,0.0816,0.1339,
decay regime=soft-sym,58,0.2351,,0,2026-07-09,vct-2026-china-stage-2,0.9785,-0.0447,0.5104,0.0483,-0.0804,0.4814,-0.1429,6,0.0848,0.1336,
decay regime=soft-asym,58,0.2351,,0,2026-07-09,vct-2026-china-stage-2,0.9785,-0.0447,0.5104,0.0483,-0.0804,0.4814,-0.1429,6,0.0848,0.1336,
stage regime=off,58,0.2434,,0,2026-07-09,vct-2026-china-stage-2,0.956,-0.0416,0.5621,0.0236,-0.1273,0.3157,-0.0286,6,0.0744,0.1348,
stage regime=soft-sym,58,0.2406,,0,2026-07-09,vct-2026-china-stage-2,0.9604,-0.0465,0.5621,0.0236,-0.1273,0.3187,-0.0286,6,0.0759,0.1346,
stage regime=soft-asym,58,0.2403,,0,2026-07-09,vct-2026-china-stage-2,0.9595,-0.0448,0.5621,0.0236,-0.1273,0.3157,-0.0286,6,0.0777,0.1344,
split regime=off,58,0.2449,,0,2026-07-09,vct-2026-china-stage-2,0.9692,-0.0449,0.523,0.0483,-0.0999,0.4814,-0.087,6,0.0504,0.1375,
split regime=soft-sym,58,0.2407,,0,2026-07-09,vct-2026-china-stage-2,0.9723,-0.048,0.5183,0.0483,-0.0859,0.4814,-0.087,6,0.0536,0.1371,
split regime=soft-asym,58,0.2407,,0,2026-07-09,vct-2026-china-stage-2,0.9723,-0.048,0.5183,0.0483,-0.0859,0.4814,-0.087,6,0.0536,0.1371,
stage igl=0.25 grades=A,58,0.2564,,0,2026-07-09,vct-2026-china-stage-2,0.9453,-0.0426,0.5691,0.0194,-0.1273,0.3752,0.0286,6,0.0911,0.1328,
stage igl=0.25 grades=ABC,58,0.2548,,0,2026-07-09,vct-2026-china-stage-2,0.9438,-0.0702,0.5691,-0.0497,-0.1273,0.3752,0.0286,6,0.063,0.1361,
stage igl=0.35 grades=A,58,0.265,,0,2026-07-09,vct-2026-china-stage-2,0.9376,-0.0408,0.5691,0.0361,-0.1273,0.4673,0.0286,6,0.0764,0.1345,
stage igl=0.35 grades=ABC,58,0.2542,,0,2026-07-09,vct-2026-china-stage-2,0.9384,-0.0804,0.5691,-0.0801,-0.1273,0.4673,0.0286,6,0.0357,0.1392,
stage igl=0.45 grades=A,58,0.2637,,0,2026-07-09,vct-2026-china-stage-2,0.9384,-0.0425,0.5691,-0.0361,-0.1273,0.4673,-0.116,6,0.0914,0.1328,
stage igl=0.45 grades=ABC,58,0.2533,,0,2026-07-09,vct-2026-china-stage-2,0.9421,-0.0939,0.5691,-0.0912,-0.1273,0.4673,-0.116,6,0.038,0.139,
stage hon=3.0,58,0.2354,,0,2026-07-09,vct-2026-china-stage-2,0.961,-0.0316,0.556,0.0139,-0.1273,0.2804,-0.0883,6,0.0031,0.143,
stage hon=6.0,58,0.2292,,0,2026-07-09,vct-2026-china-stage-2,0.9563,-0.0318,0.5385,0.0139,-0.1273,0.2804,-0.0883,6,-0.0251,0.1462,
current(rebuilt),65,0.4568,,0,2026-07-15,vct-2026-emea-stage-2,0.7995,-0.2169,0.2406,0.6711,0.3256,0.663,0.6,5,0.156,0.0133,
baseline-R2 hl=270,65,0.451,,0,2026-07-15,vct-2026-emea-stage-2,0.7892,-0.2593,0.2687,0.6183,0.3297,0.6135,0.6,5,0.4483,-0.0111,
decay regime=off,65,0.3771,,0,2026-07-15,vct-2026-emea-stage-2,0.8834,-0.0855,0.4025,0.5738,0.1295,0.4371,0.1,5,-0.345,0.055,
decay regime=soft-sym,65,0.3736,,0,2026-07-15,vct-2026-emea-stage-2,0.8887,-0.0798,0.4025,0.5738,0.1056,0.4371,0.1,5,-0.3391,0.0545,
decay regime=soft-asym,65,0.3736,,0,2026-07-15,vct-2026-emea-stage-2,0.8887,-0.0798,0.4025,0.5738,0.1056,0.4371,0.1,5,-0.3391,0.0545,
stage regime=off,65,0.3921,,0,2026-07-15,vct-2026-emea-stage-2,0.8723,-0.0852,0.4972,0.6152,0.1674,0.3876,0.1,5,-0.2967,0.051,
stage regime=soft-sym,65,0.3854,,0,2026-07-15,vct-2026-emea-stage-2,0.878,-0.0792,0.4972,0.6152,0.1395,0.3876,0.1,5,-0.2906,0.0505,
stage regime=soft-asym,65,0.3854,,0,2026-07-15,vct-2026-emea-stage-2,0.878,-0.0792,0.4972,0.6152,0.1395,0.3876,0.1,5,-0.2906,0.0505,
split regime=off,65,0.3832,,0,2026-07-15,vct-2026-emea-stage-2,0.8806,-0.0891,0.3981,0.5662,0.1295,0.4371,0.1,5,-0.3009,0.0514,
split regime=soft-sym,65,0.3794,,0,2026-07-15,vct-2026-emea-stage-2,0.8859,-0.0834,0.3981,0.5662,0.1056,0.4371,0.1,5,-0.2949,0.0509,
split regime=soft-asym,65,0.3794,,0,2026-07-15,vct-2026-emea-stage-2,0.8859,-0.0834,0.3981,0.5662,0.1056,0.4371,0.1,5,-0.2949,0.0509,
stage igl=0.25 grades=A,65,0.3903,,0,2026-07-15,vct-2026-emea-stage-2,0.88,-0.0766,0.4972,0.5903,0.1799,0.4538,-0.1,5,-0.4036,0.0599,
stage igl=0.25 grades=ABC,65,0.411,,0,2026-07-15,vct-2026-emea-stage-2,0.8536,-0.0858,0.5002,0.6803,0.2,0.4538,-0.1,5,-0.4279,0.0619,
stage igl=0.35 grades=A,65,0.3846,,0,2026-07-15,vct-2026-emea-stage-2,0.8805,-0.072,0.4972,0.5903,0.1617,0.4792,-0.1,5,-0.4552,0.0642,
stage igl=0.35 grades=ABC,65,0.4112,,0,2026-07-15,vct-2026-emea-stage-2,0.8439,-0.0841,0.507,0.6894,0.1834,0.4792,-0.1,5,-0.4861,0.0668,
stage igl=0.45 grades=A,65,0.3868,,0,2026-07-15,vct-2026-emea-stage-2,0.8806,-0.0703,0.4972,0.5903,0.1645,0.5007,0.1,5,-0.4711,0.0655,
stage igl=0.45 grades=ABC,65,0.4124,,0,2026-07-15,vct-2026-emea-stage-2,0.8341,-0.0824,0.4994,0.6527,0.1893,0.5007,0.1,5,-0.5099,0.0688,
stage hon=3.0,65,0.3969,,0,2026-07-15,vct-2026-emea-stage-2,0.8796,-0.0921,0.4998,0.6123,0.1552,0.4149,-0.2,5,-0.3365,0.0543,
stage hon=6.0,65,0.3969,,0,2026-07-15,vct-2026-emea-stage-2,0.8802,-0.096,0.4998,0.6123,0.1552,0.4149,-0.2,5,-0.3343,0.0541,
current(rebuilt),61,0.352,,0,2026-07-16,vct-2026-pacific-stage-2,0.8492,0.123,0.6966,0.4517,0.0104,0.2667,0.2,6,0.4445,0.1406,
baseline-R2 hl=270,61,0.3708,,0,2026-07-16,vct-2026-pacific-stage-2,0.8408,0.0032,0.6907,0.4286,0.1346,0.3632,0.3714,6,0.6085,0.1227,
decay regime=off,61,0.3228,,0,2026-07-16,vct-2026-pacific-stage-2,0.8958,0.1529,0.5416,0.4148,0.1209,0.5438,0.7714,6,0.1981,0.1675,
decay regime=soft-sym,61,0.3177,,0,2026-07-16,vct-2026-pacific-stage-2,0.8966,0.1504,0.5416,0.3364,0.1209,0.5438,0.7714,6,0.195,0.1678,
decay regime=soft-asym,61,0.3228,,0,2026-07-16,vct-2026-pacific-stage-2,0.8958,0.1529,0.5416,0.4148,0.1209,0.5438,0.7714,6,0.1981,0.1675,
stage regime=off,61,0.3341,,0,2026-07-16,vct-2026-pacific-stage-2,0.8847,0.1486,0.5323,0.4563,0.1169,0.5069,0.6571,6,0.2294,0.1641,
stage regime=soft-sym,61,0.3247,,0,2026-07-16,vct-2026-pacific-stage-2,0.8866,0.1447,0.5323,0.3464,0.1169,0.5069,0.6571,6,0.2246,0.1646,
stage regime=soft-asym,61,0.3341,,0,2026-07-16,vct-2026-pacific-stage-2,0.8847,0.1486,0.5323,0.4563,0.1169,0.5069,0.6571,6,0.2294,0.1641,
split regime=off,61,0.3212,,0,2026-07-16,vct-2026-pacific-stage-2,0.8904,0.1447,0.5341,0.4148,0.1298,0.5656,0.7714,6,0.2411,0.1628,
split regime=soft-sym,61,0.3145,,0,2026-07-16,vct-2026-pacific-stage-2,0.8913,0.1422,0.5341,0.3364,0.1298,0.5656,0.7714,6,0.2379,0.1631,
split regime=soft-asym,61,0.3212,,0,2026-07-16,vct-2026-pacific-stage-2,0.8904,0.1447,0.5341,0.4148,0.1298,0.5656,0.7714,6,0.2411,0.1628,
stage igl=0.25 grades=A,61,0.3242,,0,2026-07-16,vct-2026-pacific-stage-2,0.9028,0.1607,0.5323,0.4642,0.1007,0.5069,0.7714,6,0.118,0.1762,
stage igl=0.25 grades=ABC,61,0.3199,,0,2026-07-16,vct-2026-pacific-stage-2,0.8956,0.1349,0.5323,0.4642,0.1192,0.5069,0.7714,6,0.0922,0.179,
stage igl=0.35 grades=A,61,0.3124,,0,2026-07-16,vct-2026-pacific-stage-2,0.9083,0.1674,0.5323,0.4388,0.1013,0.5069,0.6,6,0.0626,0.1822,
stage igl=0.35 grades=ABC,61,0.31,,0,2026-07-16,vct-2026-pacific-stage-2,0.8974,0.1335,0.5323,0.4514,0.1111,0.5069,0.6,6,0.0283,0.186,
stage igl=0.45 grades=A,61,0.3014,,0,2026-07-16,vct-2026-pacific-stage-2,0.9125,0.1724,0.5323,0.3857,0.081,0.5069,0.3143,6,0.0213,0.1867,
stage igl=0.45 grades=ABC,61,0.3001,,0,2026-07-16,vct-2026-pacific-stage-2,0.9022,0.1292,0.5323,0.4213,0.1053,0.5069,0.3143,6,-0.0223,0.1915,
stage hon=3.0,61,0.3585,,0,2026-07-16,vct-2026-pacific-stage-2,0.8744,0.1702,0.5527,0.4563,0.1754,0.4644,0.6571,6,0.1661,0.171,
stage hon=6.0,61,0.3607,,0,2026-07-16,vct-2026-pacific-stage-2,0.8784,0.1642,0.5787,0.4563,0.1754,0.4644,0.6571,6,0.1501,0.1727,
current(rebuilt),63,0.6067,,0,2026-07-17,vct-2026-americas-stage-2,0.7121,0.0403,0.5336,0.8442,0.484,0.5923,,4,0.0387,0.0328,
baseline-R2 hl=270,63,0.6495,,0,2026-07-17,vct-2026-americas-stage-2,0.71,-0.061,0.6283,0.7779,0.5244,0.6697,,4,0.2154,0.0208,
decay regime=off,63,0.507,,0,2026-07-17,vct-2026-americas-stage-2,0.8259,0.1291,0.5822,0.7669,0.3957,0.3781,,4,-0.129,0.0442,
decay regime=soft-sym,63,0.5067,,0,2026-07-17,vct-2026-americas-stage-2,0.8271,0.1288,0.5822,0.7669,0.3957,0.3781,,4,-0.117,0.0434,
decay regime=soft-asym,63,0.507,,0,2026-07-17,vct-2026-americas-stage-2,0.827,0.1311,0.5822,0.7669,0.3957,0.3781,,4,-0.1179,0.0434,
stage regime=off,63,0.5118,,0,2026-07-17,vct-2026-americas-stage-2,0.8153,0.1005,0.5787,0.8073,0.4207,0.3318,,4,-0.077,0.0406,
stage regime=soft-sym,63,0.5123,,0,2026-07-17,vct-2026-americas-stage-2,0.8185,0.1025,0.582,0.8073,0.4207,0.3607,,4,-0.0592,0.0394,
stage regime=soft-asym,63,0.5119,,0,2026-07-17,vct-2026-americas-stage-2,0.8182,0.1048,0.582,0.8073,0.4207,0.3318,,4,-0.06,0.0395,
split regime=off,63,0.5063,,0,2026-07-17,vct-2026-americas-stage-2,0.8281,0.1269,0.5795,0.7708,0.3957,0.3781,,4,-0.1171,0.0434,
split regime=soft-sym,63,0.506,,0,2026-07-17,vct-2026-americas-stage-2,0.8293,0.126,0.5795,0.7708,0.3957,0.3781,,4,-0.1089,0.0428,
split regime=soft-asym,63,0.5063,,0,2026-07-17,vct-2026-americas-stage-2,0.8291,0.1283,0.5795,0.7708,0.3957,0.3781,,4,-0.1098,0.0429,
stage igl=0.25 grades=A,63,0.5142,,0,2026-07-17,vct-2026-americas-stage-2,0.8098,0.1075,0.5787,0.8073,0.4279,0.3318,,4,-0.204,0.0493,
stage igl=0.25 grades=ABC,63,0.518,,0,2026-07-17,vct-2026-americas-stage-2,0.8037,0.0603,0.5787,0.7965,0.4419,0.3318,,4,-0.2398,0.0517,
stage igl=0.35 grades=A,63,0.5152,,0,2026-07-17,vct-2026-americas-stage-2,0.8086,0.1096,0.5787,0.8073,0.4355,0.3318,,4,-0.2452,0.052,
stage igl=0.35 grades=ABC,63,0.5147,,0,2026-07-17,vct-2026-americas-stage-2,0.7982,0.0479,0.5787,0.7965,0.4263,0.3318,,4,-0.2875,0.0549,
stage igl=0.45 grades=A,63,0.5145,,0,2026-07-17,vct-2026-americas-stage-2,0.8073,0.1117,0.5787,0.8073,0.4355,0.3318,,4,-0.2859,0.0548,
stage igl=0.45 grades=ABC,63,0.5088,,0,2026-07-17,vct-2026-americas-stage-2,0.7967,0.0289,0.5787,0.8009,0.4181,0.3318,,4,-0.3348,0.0581,
stage hon=3.0,63,0.4881,,0,2026-07-17,vct-2026-americas-stage-2,0.8192,0.1091,0.5158,0.7633,0.4056,0.3014,,4,-0.2051,0.0493,
stage hon=6.0,63,0.4849,,0,2026-07-17,vct-2026-americas-stage-2,0.8222,0.1046,0.513,0.7633,0.4004,0.3014,,4,-0.2355,0.0514,
