model,half_life,kappa_scale,tier2_discount,rho_r2,rho_acs,mae,entry_resid,rest_resid,rho_决斗者,rho_先锋,rho_控场,rho_哨卫,rho_lt300,rho_300to1000,rho_gt1000,n
new hl=90 k×0.5 t2=0.0,90,0.5,0.0,0.3189,0.2543,0.9064,0.0707,0.0548,0.394,0.359,0.2224,0.3159,0.2566,0.2653,0.7247,1526
new hl=90 k×0.5 t2=0.1,90,0.5,0.1,0.3189,0.2543,0.9064,0.0707,0.0548,0.394,0.359,0.2224,0.3159,0.2566,0.2653,0.7247,1526
new hl=90 k×0.5 t2=0.25,90,0.5,0.25,0.3189,0.2543,0.9064,0.0707,0.0548,0.394,0.359,0.2224,0.3159,0.2566,0.2653,0.7247,1526
new hl=90 k×1.0 t2=0.0,90,1.0,0.0,0.3207,0.2611,0.9062,0.0502,0.0618,0.3987,0.3595,0.2209,0.3283,0.2536,0.2681,0.7247,1526
new hl=90 k×1.0 t2=0.1,90,1.0,0.1,0.3207,0.2611,0.9062,0.0502,0.0618,0.3987,0.3595,0.2209,0.3283,0.2536,0.2681,0.7247,1526
new hl=90 k×1.0 t2=0.25,90,1.0,0.25,0.3207,0.2611,0.9062,0.0502,0.0618,0.3987,0.3595,0.2209,0.3283,0.2536,0.2681,0.7247,1526
new hl=90 k×2.0 t2=0.0,90,2.0,0.0,0.3231,0.2679,0.9057,0.0224,0.0714,0.3952,0.3602,0.2177,0.3034,0.247,0.2762,0.7247,1526
new hl=90 k×2.0 t2=0.1,90,2.0,0.1,0.3231,0.2679,0.9057,0.0224,0.0714,0.3952,0.3602,0.2177,0.3034,0.247,0.2762,0.7247,1526
new hl=90 k×2.0 t2=0.25,90,2.0,0.25,0.3231,0.2679,0.9057,0.0224,0.0714,0.3952,0.3602,0.2177,0.3034,0.247,0.2762,0.7247,1526
new hl=180 k×0.5 t2=0.0,180,0.5,0.0,0.3452,0.272,0.8913,0.079,0.052,0.4048,0.3584,0.2464,0.2933,0.2448,0.2936,0.2396,1526
new hl=180 k×0.5 t2=0.1,180,0.5,0.1,0.3452,0.272,0.8913,0.079,0.052,0.4048,0.3584,0.2464,0.2933,0.2448,0.2936,0.2396,1526
new hl=180 k×0.5 t2=0.25,180,0.5,0.25,0.3452,0.272,0.8913,0.079,0.052,0.4048,0.3584,0.2464,0.2933,0.2448,0.2936,0.2396,1526
new hl=180 k×1.0 t2=0.0,180,1.0,0.0,0.3497,0.279,0.89,0.0643,0.0571,0.396,0.3621,0.2528,0.2955,0.2437,0.2976,0.2195,1526
new hl=180 k×1.0 t2=0.1,180,1.0,0.1,0.3497,0.279,0.89,0.0643,0.0571,0.396,0.3621,0.2528,0.2955,0.2437,0.2976,0.2195,1526
new hl=180 k×1.0 t2=0.25,180,1.0,0.25,0.3497,0.279,0.89,0.0643,0.0571,0.396,0.3621,0.2528,0.2955,0.2437,0.2976,0.2195,1526
new hl=180 k×2.0 t2=0.0,180,2.0,0.0,0.3565,0.2906,0.8887,0.0414,0.0649,0.401,0.3803,0.2576,0.2851,0.2448,0.3032,0.2182,1526
new hl=180 k×2.0 t2=0.1,180,2.0,0.1,0.3565,0.2906,0.8887,0.0414,0.0649,0.401,0.3803,0.2576,0.2851,0.2448,0.3032,0.2182,1526
new hl=180 k×2.0 t2=0.25,180,2.0,0.25,0.3565,0.2906,0.8887,0.0414,0.0649,0.401,0.3803,0.2576,0.2851,0.2448,0.3032,0.2182,1526
new hl=270 k×0.5 t2=0.0,270,0.5,0.0,0.3538,0.269,0.8885,0.1061,0.0427,0.4127,0.3579,0.26,0.309,0.2537,0.311,0.2412,1526
new hl=270 k×0.5 t2=0.1,270,0.5,0.1,0.3538,0.269,0.8885,0.1061,0.0427,0.4127,0.3579,0.26,0.309,0.2537,0.311,0.2412,1526
new hl=270 k×0.5 t2=0.25,270,0.5,0.25,0.3538,0.269,0.8885,0.1061,0.0427,0.4127,0.3579,0.26,0.309,0.2537,0.311,0.2412,1526
new hl=270 k×1.0 t2=0.0,270,1.0,0.0,0.3586,0.2748,0.8872,0.0951,0.0465,0.4171,0.3586,0.2668,0.3033,0.2407,0.3122,0.2507,1526
new hl=270 k×1.0 t2=0.1,270,1.0,0.1,0.3586,0.2748,0.8872,0.0951,0.0465,0.4171,0.3586,0.2668,0.3033,0.2407,0.3122,0.2507,1526
new hl=270 k×1.0 t2=0.25,270,1.0,0.25,0.3586,0.2748,0.8872,0.0951,0.0465,0.4171,0.3586,0.2668,0.3033,0.2407,0.3122,0.2507,1526
new hl=270 k×2.0 t2=0.0,270,2.0,0.0,0.3647,0.2845,0.886,0.0763,0.0529,0.4137,0.3596,0.2704,0.2972,0.2322,0.3171,0.2545,1526
new hl=270 k×2.0 t2=0.1,270,2.0,0.1,0.3647,0.2845,0.886,0.0763,0.0529,0.4137,0.3596,0.2704,0.2972,0.2322,0.3171,0.2545,1526
new hl=270 k×2.0 t2=0.25,270,2.0,0.25,0.3647,0.2845,0.886,0.0763,0.0529,0.4137,0.3596,0.2704,0.2972,0.2322,0.3171,0.2545,1526
new hl=365 k×0.5 t2=0.0,365,0.5,0.0,0.3539,0.2673,0.8871,0.1049,0.0431,0.4163,0.3453,0.2744,0.3186,0.285,0.3188,0.3019,1526
new hl=365 k×0.5 t2=0.1,365,0.5,0.1,0.3539,0.2673,0.8871,0.1049,0.0431,0.4163,0.3453,0.2744,0.3186,0.285,0.3188,0.3019,1526
new hl=365 k×0.5 t2=0.25,365,0.5,0.25,0.3539,0.2673,0.8871,0.1049,0.0431,0.4163,0.3453,0.2744,0.3186,0.285,0.3188,0.3019,1526
new hl=365 k×1.0 t2=0.0,365,1.0,0.0,0.3615,0.2733,0.8853,0.0954,0.0463,0.4259,0.3484,0.2765,0.3208,0.2762,0.3192,0.3115,1526
new hl=365 k×1.0 t2=0.1,365,1.0,0.1,0.3615,0.2733,0.8853,0.0954,0.0463,0.4259,0.3484,0.2765,0.3208,0.2762,0.3192,0.3115,1526
new hl=365 k×1.0 t2=0.25,365,1.0,0.25,0.3615,0.2733,0.8853,0.0954,0.0463,0.4259,0.3484,0.2765,0.3208,0.2762,0.3192,0.3115,1526
new hl=365 k×2.0 t2=0.0,365,2.0,0.0,0.3672,0.2838,0.8836,0.0785,0.0521,0.4302,0.3558,0.2827,0.3223,0.2759,0.3229,0.3189,1526
new hl=365 k×2.0 t2=0.1,365,2.0,0.1,0.3672,0.2838,0.8836,0.0785,0.0521,0.4302,0.3558,0.2827,0.3223,0.2759,0.3229,0.3189,1526
new hl=365 k×2.0 t2=0.25,365,2.0,0.25,0.3672,0.2838,0.8836,0.0785,0.0521,0.4302,0.3558,0.2827,0.3223,0.2759,0.3229,0.3189,1526
diag: global z (no role centering),270.0,1.0,0.0,0.3445,0.2248,0.8987,0.171,0.0205,0.414,0.3689,0.2324,0.2904,0.1909,0.2865,0.2638,1526
diag: +30% Rating,270.0,1.0,0.0,0.4204,0.3309,0.8362,0.1044,0.0435,0.4187,0.4395,0.3595,0.3634,0.2905,0.3636,0.3546,1526
"diag: +30% Rating, global z",270.0,1.0,0.0,0.4251,0.3435,0.8379,0.0478,0.0632,0.4298,0.4423,0.3485,0.3641,0.2744,0.3598,0.3572,1526
diag: equal templates,270.0,1.0,0.0,0.3602,0.2473,0.8871,0.1881,0.0145,0.3929,0.3834,0.3063,0.3196,0.2189,0.311,0.2763,1526
diag: no shrink,270.0,1.0,0.0,0.3349,0.249,0.8947,0.1165,0.0391,0.3906,0.3359,0.2512,0.3084,0.2312,0.288,0.2301,1526
current(rebuilt),,,,0.4437,0.4306,0.8238,-0.0642,0.1018,0.4366,0.4599,0.3918,0.3763,0.3614,0.3645,0.431,1526
baseline-R2 hl=90,,,,0.445,0.4349,0.8253,-0.0859,0.1122,0.4226,0.4517,0.4156,0.3929,0.3686,0.4203,0.6377,1482
baseline-R2 hl=180,,,,0.4647,0.4515,0.8099,-0.1019,0.1178,0.4487,0.4627,0.4326,0.409,0.3553,0.4219,0.3657,1482
baseline-R2 hl=270,,,,0.466,0.4528,0.8067,-0.107,0.1196,0.4506,0.4672,0.4362,0.4185,0.3865,0.4021,0.4336,1482
baseline-R2 hl=365,,,,0.4672,0.4526,0.8056,-0.1094,0.1204,0.4522,0.4586,0.4363,0.4198,0.3922,0.3877,0.4576,1482
