ign,club,world_role,data_role,world_overall,new_overall,current_rebuilt,delta,events,rounds_w,new_aim,new_reaction,new_awareness,new_utility,new_clutch,new_teamwork,world_aim,world_reaction,world_awareness,world_utility,world_clutch,world_teamwork,conf_aim,conf_reaction,conf_awareness,conf_utility,conf_clutch,conf_teamwork,flags
al0rante,PCF,控场,控场,74,53,71,-21,3,648,89,75,57,44,49,47,84,81,73,76,71,62,0.62,0.73,0.62,0.62,0.8,0.62,
Chronicle,VIT,控场,控场,92,74,86,-18,14,2053,88,91,80,56,66,65,88,87,92,93,89,88,0.84,0.91,0.84,0.84,0.93,0.84,
Less,KRÜ,控场,控场,89,71,85,-18,10,1150,89,82,71,60,66,61,91,86,88,92,89,84,0.74,0.83,0.74,0.74,0.89,0.74,
rushia,BLG,控场,控场,83,66,83,-17,8,1499,76,75,66,65,61,65,81,74,85,93,79,87,0.79,0.87,0.79,0.79,0.37,0.79,
5CM,TYL,决斗者,哨卫,53,70,56,17,2,81,68,69,70,74,71,72,54,50,57,57,50,56,0.17,0.16,0.17,0.17,0.0,0.17,clutch:no-data
CHICHOO,EDG,控场,控场,94,78,86,-16,16,2085,89,86,83,55,81,63,89,79,95,92,94,87,0.84,0.87,0.84,0.84,0.79,0.84,
S1Mon,EDG,控场,先锋,70,86,69,16,5,281,67,71,79,91,78,86,54,52,70,74,62,74,0.41,0.3,0.41,0.41,0.42,0.41,
Spring,WOL,控场,控场,87,71,83,-16,10,1282,88,77,63,68,64,66,89,85,80,91,83,84,0.76,0.84,0.76,0.76,0.32,0.76,
SUYGETSU,KC,控场,控场,84,68,81,-16,9,1156,77,78,80,55,70,63,81,77,88,88,82,83,0.74,0.82,0.74,0.74,0.89,0.74,
Meteor,T1,控场,哨卫,87,72,77,-15,15,1985,87,84,64,61,62,66,89,89,81,82,78,74,0.83,0.92,0.83,0.83,0.91,0.83,
YHchen,JDG,先锋,先锋,58,73,74,15,2,66,74,72,72,73,71,74,52,50,56,70,58,61,0.14,0.12,0.14,0.14,0.0,0.14,clutch:no-data
skuba,NRG,控场,控场,92,77,85,-15,7,1770,74,85,91,60,80,73,80,77,96,91,89,89,0.82,0.86,0.82,0.82,0.93,0.82,
happywei,XLG,控场,控场,91,76,89,-15,10,1845,99,96,76,59,56,67,96,85,92,94,88,89,0.82,0.89,0.82,0.82,0.74,0.82,
Desmo,FNC,先锋,决斗者,56,71,59,15,1,43,69,62,72,76,77,75,51,47,51,72,55,55,0.1,0.19,0.1,0.1,0.1,0.1,
PatMen,GE,控场,控场,83,69,79,-14,8,1850,89,84,68,59,65,65,83,81,84,85,78,82,0.82,0.89,0.82,0.82,0.9,0.82,
leaf,G2,控场,控场,88,75,85,-13,16,2290,87,79,64,60,91,65,89,92,85,89,94,86,0.85,0.93,0.85,0.85,0.92,0.85,
Scales,TYL,控场,控场,84,71,83,-13,6,1370,84,90,75,55,71,61,85,77,87,87,84,80,0.77,0.85,0.77,0.77,0.0,0.77,clutch:no-data
Rossy,ENVY,控场,控场,84,71,79,-13,8,945,72,68,74,69,75,71,76,73,85,89,86,85,0.7,0.74,0.7,0.7,0.89,0.7,
Ruxic,NAVI,控场,控场,92,79,91,-13,6,1081,92,88,76,71,59,76,92,87,93,94,87,94,0.73,0.83,0.73,0.73,0.89,0.73,
waituu,TYL,控场,控场,58,71,68,13,1,79,68,73,73,71,71,73,52,50,59,68,50,60,0.16,0.11,0.16,0.16,0.0,0.16,clutch:no-data
eeiu,FUR,先锋,先锋,88,76,85,-12,11,994,84,90,83,65,64,71,83,77,94,88,87,88,0.71,0.74,0.71,0.71,0.89,0.71,
deLb,TE,控场,控场,84,72,80,-12,9,1391,95,90,73,49,71,57,88,83,85,85,85,77,0.78,0.82,0.78,0.78,0.0,0.78,clutch:no-data
Nicc,DRG,先锋,先锋,84,96,81,12,12,1749,76,72,85,96,78,96,76,68,90,91,84,92,0.81,0.8,0.81,0.81,0.48,0.81,
Veqaj,FNC,控场,控场,89,77,86,-12,3,514,86,82,71,74,63,74,92,89,86,93,79,90,0.56,0.7,0.56,0.56,0.72,0.56,
XuNa,VL,先锋,先锋,86,74,84,-12,3,754,90,88,81,61,55,70,89,77,92,86,80,85,0.65,0.68,0.65,0.65,0.86,0.65,
skye,TS,哨卫,哨卫,54,66,62,12,1,43,73,74,66,67,61,66,51,47,52,64,57,54,0.1,0.16,0.1,0.1,0.23,0.1,
natz,TS,哨卫,哨卫,55,67,56,12,1,309,67,67,59,68,92,62,53,58,50,64,55,51,0.44,0.6,0.44,0.44,0.61,0.44,
Zellsis,C9,控场,控场,73,62,65,-11,14,1539,57,65,68,71,62,69,56,63,70,80,66,75,0.79,0.86,0.79,0.79,0.9,0.79,
keiko,NRG,控场,控场,92,81,89,-11,14,2074,97,96,74,52,77,64,95,94,93,92,91,88,0.84,0.92,0.84,0.84,0.92,0.84,
mada,NRG,决斗者,决斗者,86,75,81,-11,9,1888,72,77,73,70,80,74,88,92,77,73,88,76,0.83,0.94,0.83,0.83,0.85,0.83,
kamyk,JL,控场,控场,87,76,84,-11,5,628,80,73,74,68,85,72,85,81,89,90,87,89,0.61,0.7,0.61,0.61,0.82,0.61,
Kr1stal,GE,先锋,先锋,81,70,77,-11,7,1493,75,78,81,57,84,67,74,76,85,84,84,77,0.79,0.83,0.79,0.79,0.91,0.79,
K1ra,AG,决斗者,控场,82,71,82,-11,7,1456,84,78,65,62,69,68,84,77,84,79,89,84,0.78,0.88,0.78,0.78,0.35,0.78,
koalanoob,FUR,决斗者,决斗者,70,59,67,-11,6,1212,64,64,61,67,65,64,73,82,60,63,67,60,0.75,0.91,0.75,0.75,0.8,0.75,
stellar,FUR,哨卫,先锋,61,72,87,11,1,9,72,71,71,71,79,71,55,53,64,69,58,64,0.02,0.05,0.02,0.02,0.02,0.02,
Spaz,M80,控场,控场,79,68,65,-11,1,87,69,68,67,72,71,70,64,65,81,89,80,86,0.18,0.24,0.18,0.18,0.43,0.18,
Izzy,EF,决斗者,决斗者,74,63,70,-11,2,451,65,70,73,63,55,67,75,85,67,61,77,64,0.53,0.79,0.53,0.53,0.72,0.53,
Folykiki,AT,决斗者,决斗者,57,68,62,11,1,112,68,72,67,71,71,67,56,64,55,55,59,52,0.22,0.45,0.22,0.22,0.0,0.22,clutch:no-data
johnqt,SEN,控场,控场,92,82,87,-10,14,1401,73,83,98,69,71,79,79,77,97,94,87,94,0.78,0.76,0.78,0.78,0.91,0.78,
f0rsakeN,PRX,自由人,控场,91,81,87,-10,16,2415,89,77,65,78,78,80,88,89,88,90,89,92,0.86,0.93,0.86,0.86,0.9,0.86,
supamen,EG,控场,控场,74,64,71,-10,9,1117,76,70,64,62,68,62,71,66,72,80,77,73,0.74,0.83,0.74,0.74,0.88,0.74,
mwzera,KRÜ,先锋,先锋,86,76,82,-10,6,809,80,88,77,68,61,74,82,86,90,87,85,86,0.67,0.72,0.67,0.67,0.83,0.67,
Haodong,TEC,哨卫,控场,74,64,70,-10,11,1407,68,66,70,61,75,61,64,60,73,80,75,74,0.78,0.81,0.78,0.78,0.05,0.78,
iZu,T1,决斗者,先锋,89,79,85,-10,13,1832,93,92,77,51,83,64,88,88,88,76,92,81,0.82,0.9,0.82,0.82,0.92,0.82,
Cloud,FNC,先锋,先锋,81,71,75,-10,10,1285,81,78,72,66,62,70,77,78,82,84,77,81,0.76,0.83,0.76,0.76,0.89,0.76,
Demon1,ENVY,哨卫,哨卫,79,69,76,-10,8,878,81,74,64,57,79,63,85,86,75,74,78,70,0.69,0.84,0.69,0.69,0.86,0.69,
gobera,2G,决斗者,决斗者,59,69,59,10,4,287,63,69,69,77,74,71,59,66,54,59,59,55,0.42,0.59,0.42,0.42,0.63,0.42,
Akame,DFM,先锋,先锋,83,73,80,-10,6,1141,91,81,68,63,64,68,85,82,82,84,79,81,0.74,0.84,0.74,0.74,0.88,0.74,
lucas,TEC,先锋,先锋,82,72,79,-10,4,1154,83,77,74,65,71,68,81,75,85,85,77,81,0.74,0.77,0.74,0.74,0.0,0.74,clutch:no-data
Wolverine,ONG,决斗者,决斗者,61,71,74,10,1,231,67,80,77,72,60,71,63,65,56,60,58,58,0.37,0.55,0.37,0.37,0.48,0.37,
Absol,ZETA,决斗者,决斗者,73,63,71,-10,3,753,69,64,60,69,72,64,78,84,61,63,71,61,0.65,0.85,0.65,0.65,0.77,0.65,
seven,PCF,决斗者,决斗者,69,59,66,-10,3,648,66,46,64,78,65,75,73,73,61,65,68,66,0.62,0.83,0.62,0.62,0.71,0.62,
Tonk,KBG,哨卫,哨卫,61,71,81,10,1,107,76,76,67,70,71,69,62,56,62,67,60,56,0.21,0.34,0.21,0.21,0.0,0.21,clutch:no-data
Verse,DRG,控场,控场,72,82,74,10,1,534,71,62,77,88,71,85,65,57,74,82,58,78,0.57,0.58,0.57,0.57,0.0,0.57,clutch:no-data
Septem7,AG,控场,控场,57,67,61,10,1,77,65,65,69,69,71,72,50,50,54,67,58,58,0.16,0.25,0.16,0.16,0.0,0.16,clutch:no-data
Smoggy,EDG,控场,控场,93,84,87,-9,16,2085,83,83,78,78,72,81,86,80,92,93,85,93,0.84,0.88,0.84,0.84,0.76,0.84,
Alfajer,FNC,哨卫,哨卫,87,78,84,-9,13,1789,99,89,64,54,73,62,95,91,83,75,88,75,0.82,0.92,0.82,0.82,0.9,0.82,
Autumn,GE,决斗者,哨卫,83,74,80,-9,13,1724,78,73,69,64,85,68,87,86,83,73,88,76,0.81,0.9,0.81,0.81,0.88,0.81,
kiNgg,LEV,控场,控场,90,81,86,-9,12,1784,72,87,97,68,66,79,79,81,92,91,86,92,0.82,0.86,0.82,0.82,0.92,0.82,
heat,KRÜ,哨卫,哨卫,75,66,72,-9,7,768,76,81,71,56,59,63,77,83,75,71,75,68,0.66,0.8,0.66,0.66,0.87,0.66,
cNed,PCF,决斗者,决斗者,71,62,71,-9,8,544,69,65,66,64,64,63,75,79,64,62,68,62,0.58,0.79,0.58,0.58,0.71,0.58,
nobody,EDG,先锋,先锋,77,68,70,-9,16,2085,77,72,71,64,78,65,71,65,73,79,72,73,0.84,0.88,0.84,0.84,0.69,0.84,
jawgemo,G2,决斗者,决斗者,81,72,77,-9,14,2278,69,69,70,77,77,78,82,85,73,69,83,75,0.85,0.95,0.85,0.85,0.86,0.85,
Ezeir,NOVA,控场,控场,90,81,89,-9,7,948,80,81,77,78,71,79,87,76,92,95,89,93,0.7,0.73,0.7,0.7,0.0,0.7,clutch:no-data
jzz,FX,哨卫,哨卫,56,65,57,9,3,146,65,66,69,70,66,70,58,63,52,62,52,52,0.27,0.36,0.27,0.27,0.47,0.27,
QiuYe,TEC,先锋,先锋,61,70,70,9,1,28,71,71,70,71,71,71,59,56,62,68,56,59,0.06,0.0,0.06,0.06,0.0,0.06,clutch:no-data
Dingwei,AT,先锋,先锋,54,63,55,9,2,127,68,69,67,65,71,63,50,44,55,66,45,52,0.24,0.18,0.24,0.24,0.0,0.24,clutch:no-data
DH,T1,控场,控场,86,77,84,-9,3,436,73,72,71,79,76,78,76,81,86,95,86,89,0.52,0.65,0.52,0.52,0.7,0.52,
lukxo,LOUD,哨卫,哨卫,84,75,84,-9,5,1125,94,92,64,54,82,60,93,90,80,79,91,73,0.74,0.89,0.74,0.74,0.86,0.74,
sociablEE,FUT,控场,控场,80,71,75,-9,7,1736,72,69,65,76,67,72,74,81,76,86,75,80,0.81,0.88,0.81,0.81,0.92,0.81,
kellyS,TS,控场,控场,73,64,69,-9,6,821,76,70,60,64,59,67,72,75,71,79,65,74,0.67,0.79,0.67,0.67,0.84,0.67,
Yoyo,TYL,先锋,先锋,62,71,65,9,1,129,73,72,70,70,71,70,62,62,61,67,58,59,0.24,0.3,0.24,0.24,0.0,0.24,clutch:no-data
NiSMO,M80,哨卫,决斗者,80,71,79,-9,1,87,72,74,72,76,55,76,79,79,78,83,80,84,0.18,0.34,0.18,0.18,0.43,0.18,
Efina,GEN,先锋,先锋,56,65,57,9,1,416,56,65,70,66,97,66,45,49,59,67,46,58,0.51,0.46,0.51,0.51,0.7,0.51,
echo,EF,控场,哨卫,74,65,72,-9,2,726,81,74,59,65,64,64,83,80,71,77,70,65,0.64,0.8,0.64,0.64,0.81,0.64,
WsLeo,XLG,先锋,先锋,79,88,79,9,5,1402,78,83,82,84,72,86,73,67,86,87,76,86,0.78,0.82,0.78,0.78,0.66,0.78,
Ben1Ley,FPX,决斗者,决斗者,54,63,58,9,1,191,67,59,70,67,71,67,56,53,54,59,52,54,0.32,0.53,0.32,0.32,0.0,0.32,clutch:no-data
Derke,VIT,决斗者,决斗者,92,84,86,-8,13,1674,82,83,77,71,80,77,90,96,81,72,93,79,0.81,0.93,0.81,0.81,0.86,0.81,
keznit,ENVY,决斗者,决斗者,83,75,80,-8,10,1195,72,76,69,71,83,73,85,90,75,69,84,74,0.75,0.91,0.75,0.75,0.81,0.75,
valyn,G2,控场,控场,90,82,87,-8,16,2420,77,82,81,76,76,81,83,83,93,94,88,94,0.86,0.9,0.86,0.86,0.93,0.86,
C0M,FUR,先锋,先锋,71,63,64,-8,11,1291,61,62,72,68,66,66,56,59,73,77,67,72,0.76,0.8,0.76,0.76,0.9,0.76,
Munchkin,T1,控场,控场,88,80,81,-8,14,1831,67,70,79,84,72,83,75,78,85,92,82,91,0.82,0.89,0.82,0.82,0.92,0.82,
mta,KRÜ,决斗者,先锋,58,66,61,8,4,189,72,72,65,64,72,65,56,61,58,58,54,58,0.32,0.47,0.32,0.32,0.44,0.32,
Lakia,GEN,先锋,先锋,69,77,68,8,8,641,69,69,75,79,73,80,58,61,72,75,68,74,0.62,0.66,0.62,0.62,0.78,0.62,
crashies,FNC,先锋,先锋,83,75,80,-8,11,1690,79,79,86,64,74,71,78,71,91,86,87,86,0.81,0.81,0.81,0.81,0.92,0.81,
NaturE,EG,先锋,先锋,71,79,70,8,6,325,69,66,70,83,82,81,62,62,73,80,68,76,0.45,0.5,0.45,0.45,0.65,0.45,
Rb,NS,控场,控场,86,78,81,-8,10,1613,69,70,80,78,75,78,73,80,85,90,86,87,0.8,0.84,0.8,0.8,0.9,0.8,
Z1yan,JDG,哨卫,哨卫,63,71,65,8,4,258,74,70,70,71,71,70,66,60,63,64,64,61,0.39,0.46,0.39,0.39,0.0,0.39,clutch:no-data
SugarZ3ro,ZETA,控场,控场,76,68,73,-8,9,1026,68,59,64,79,59,76,68,62,77,85,71,81,0.72,0.79,0.72,0.72,0.85,0.72,
Monyet,RRQ,决斗者,控场,80,72,78,-8,11,1627,82,67,57,73,79,72,81,82,76,80,84,83,0.8,0.9,0.8,0.8,0.87,0.8,
kaajak,FNC,决斗者,决斗者,88,80,86,-8,8,1617,84,83,73,59,78,63,94,94,78,69,92,72,0.8,0.93,0.8,0.8,0.85,0.8,
ara,GX,决斗者,决斗者,79,71,78,-8,6,1076,73,79,71,56,75,60,84,88,71,64,82,66,0.73,0.9,0.73,0.73,0.84,0.73,
Jieni7,EDG,先锋,先锋,71,79,69,8,6,1370,74,74,66,86,77,77,66,63,70,84,68,74,0.77,0.84,0.77,0.77,0.48,0.77,
Urango,FUR,先锋,哨卫,55,63,50,8,1,75,66,53,60,73,71,68,51,56,50,66,48,56,0.16,0.23,0.16,0.16,0.31,0.16,
Avez,KC,先锋,先锋,85,77,80,-8,6,1067,84,75,71,68,86,71,84,85,81,87,88,83,0.73,0.83,0.73,0.73,0.82,0.73,
Minny,M8,哨卫,哨卫,79,71,78,-8,7,1171,78,70,64,69,76,71,85,83,78,78,81,75,0.75,0.87,0.75,0.75,0.88,0.75,
Dambi,NS,决斗者,决斗者,86,78,83,-8,7,1548,74,72,73,82,82,81,85,90,76,73,87,78,0.79,0.92,0.79,0.79,0.77,0.79,
Xdll,ZETA,先锋,先锋,65,57,62,-8,6,935,71,67,58,55,84,53,61,62,64,73,68,58,0.7,0.77,0.7,0.7,0.86,0.7,
Ivy,NS,控场,哨卫,83,75,75,-8,7,1548,74,77,75,69,78,71,79,75,83,82,82,74,0.79,0.88,0.79,0.79,0.91,0.79,
dgzin,EG,决斗者,决斗者,85,77,84,-8,5,924,83,86,66,58,68,61,93,95,75,68,88,70,0.7,0.89,0.7,0.7,0.78,0.7,
Boni,M80,决斗者,决斗者,79,71,83,-8,1,87,77,73,65,70,63,69,85,88,70,73,72,75,0.18,0.42,0.18,0.18,0.2,0.18,
alvinboy,M80,哨卫,哨卫,64,72,64,8,1,87,70,62,64,73,94,69,66,69,57,68,68,58,0.18,0.28,0.18,0.18,0.31,0.18,
Kyu,M80,先锋,先锋,70,62,57,-8,2,198,67,64,66,65,69,65,62,64,72,79,66,74,0.33,0.38,0.33,0.33,0.54,0.33,
Xross,NS,先锋,先锋,91,83,86,-8,4,1228,84,90,90,67,67,78,86,83,95,90,86,91,0.75,0.77,0.75,0.75,0.89,0.75,
Raxcal,GEN,哨卫,哨卫,77,85,83,8,1,416,70,73,84,84,94,87,72,77,78,76,82,77,0.51,0.6,0.51,0.51,0.74,0.51,
NINJA,PCF,先锋,哨卫,69,61,66,-8,3,648,69,63,60,65,73,61,69,70,67,75,70,62,0.62,0.77,0.62,0.62,0.83,0.62,
glacier,WOL,决斗者,决斗者,71,63,70,-8,2,678,72,62,57,67,71,66,77,79,60,60,75,60,0.63,0.86,0.63,0.63,0.0,0.63,clutch:no-data
yilai,BLG,决斗者,决斗者,62,70,77,8,1,188,72,66,70,76,71,75,65,61,62,65,61,61,0.32,0.57,0.32,0.32,0.0,0.32,clutch:no-data
ZmjjKK,EDG,决斗者,决斗者,89,82,83,-7,16,2085,86,85,70,65,72,69,89,94,78,72,86,73,0.84,0.94,0.84,0.84,0.69,0.84,
heybay,NOVA,先锋,先锋,63,70,64,7,8,424,67,65,71,76,64,72,58,60,63,73,56,68,0.51,0.45,0.51,0.51,0.2,0.51,
Knight,BLG,先锋,先锋,85,78,85,-7,12,1497,85,83,83,69,64,75,85,77,92,90,84,89,0.79,0.82,0.79,0.79,0.41,0.79,
cauanzin,LOUD,先锋,先锋,73,66,69,-7,9,677,73,72,65,66,71,67,68,70,72,78,71,72,0.63,0.73,0.63,0.63,0.77,0.63,
liazzi,MIBR,决斗者,先锋,62,69,62,7,2,39,71,70,70,70,69,70,60,63,62,62,65,63,0.09,0.11,0.09,0.09,0.19,0.09,
Deryeon,WOL,控场,控场,75,68,71,-7,6,630,72,68,68,71,62,72,69,76,72,81,69,77,0.61,0.71,0.61,0.61,0.43,0.61,
yuran,QTD,决斗者,决斗者,55,62,57,7,4,216,64,50,65,79,68,70,55,55,52,63,51,59,0.35,0.53,0.35,0.35,0.45,0.35,
Anthem,DFM,先锋,先锋,61,68,59,7,3,73,69,65,69,71,69,71,55,58,59,68,56,62,0.15,0.2,0.15,0.15,0.3,0.15,
sheydos,KC,先锋,先锋,72,65,68,-7,6,312,69,72,77,59,71,65,64,67,81,73,73,71,0.44,0.44,0.44,0.44,0.69,0.44,
starxo,M8,先锋,先锋,73,66,68,-7,7,1012,70,69,65,67,79,65,64,65,72,80,72,73,0.72,0.79,0.72,0.72,0.85,0.72,
Marved,SEN,控场,控场,68,75,76,7,3,114,71,64,72,74,84,74,64,65,63,76,68,68,0.22,0.31,0.22,0.22,0.41,0.22,
Flickless,GX,控场,控场,79,72,75,-7,6,1076,70,63,65,78,82,74,69,72,79,90,74,83,0.73,0.82,0.73,0.73,0.85,0.73,
BABYBAY,G2,哨卫,哨卫,81,74,79,-7,6,1665,73,83,78,71,60,79,82,89,85,78,80,81,0.81,0.9,0.81,0.81,0.91,0.81,
slowly,TYL,决斗者,决斗者,90,97,92,7,6,1417,89,98,94,83,71,88,96,87,89,82,90,89,0.78,0.89,0.78,0.78,0.0,0.78,clutch:no-data
raafa,FUR,先锋,先锋,56,63,52,7,2,84,64,58,63,72,63,68,50,52,52,68,48,58,0.17,0.24,0.17,0.17,0.33,0.17,
Brinks,2G,控场,控场,68,61,55,-7,1,110,70,71,68,60,60,62,62,63,68,76,60,70,0.22,0.31,0.22,0.22,0.44,0.22,
Hermes,ONG,决斗者,决斗者,62,69,59,7,3,461,58,61,77,83,62,78,57,66,62,64,64,66,0.54,0.7,0.54,0.54,0.7,0.54,
Zexy,VL,决斗者,决斗者,66,59,63,-7,3,754,64,65,61,60,70,59,71,78,56,55,66,53,0.65,0.86,0.65,0.65,0.74,0.65,
Crewen,BBL,哨卫,哨卫,67,60,65,-7,4,852,74,67,62,65,54,60,74,69,66,71,65,60,0.68,0.78,0.68,0.68,0.84,0.68,
waddle,PCF,先锋,先锋,75,68,73,-7,1,356,81,63,65,69,68,66,75,68,75,82,79,74,0.47,0.48,0.47,0.47,0.69,0.47,
chloric,NAVI,先锋,先锋,71,64,66,-7,2,596,70,66,70,68,50,68,61,64,74,79,61,74,0.6,0.66,0.6,0.6,0.81,0.6,
H1ber,M8,哨卫,哨卫,61,68,55,7,1,84,68,53,61,70,98,64,67,68,51,68,65,55,0.17,0.27,0.17,0.17,0.45,0.17,
ra1ny,TEC,决斗者,决斗者,69,62,78,-7,1,395,76,59,54,66,71,63,74,75,60,61,69,59,0.5,0.78,0.5,0.5,0.0,0.5,clutch:no-data
Eggsterr,ENVY,决斗者,决斗者,54,61,55,7,2,352,60,61,67,76,59,72,54,60,52,59,47,56,0.47,0.68,0.47,0.47,0.59,0.47,
zekken,MIBR,决斗者,决斗者,90,84,87,-6,14,1668,77,80,79,83,78,85,90,93,82,79,90,84,0.81,0.93,0.81,0.81,0.88,0.81,
Karon,GEN,控场,控场,95,89,90,-6,13,1457,84,86,84,76,88,82,89,81,97,98,92,95,0.78,0.84,0.78,0.78,0.91,0.78,
FengF,TE,先锋,先锋,76,70,73,-6,10,1204,89,71,63,59,71,64,81,73,73,78,83,73,0.75,0.83,0.75,0.75,0.2,0.75,
Mazino,MIBR,控场,控场,82,76,78,-6,11,1432,74,69,66,82,65,79,76,75,80,88,75,85,0.78,0.85,0.78,0.78,0.86,0.78,
Biank,BLG,先锋,先锋,59,65,59,6,9,557,64,64,63,70,82,66,54,52,57,70,63,62,0.58,0.63,0.58,0.58,0.19,0.58,
nephh,BLG,控场,先锋,86,92,83,6,10,1560,74,75,79,98,68,96,78,75,89,94,79,93,0.8,0.84,0.8,0.8,0.37,0.8,
yosemite,WOL,哨卫,哨卫,79,73,78,-6,10,1175,79,77,69,73,67,70,87,80,80,79,83,75,0.75,0.81,0.75,0.75,0.09,0.75,
artzin,FUR,控场,控场,74,68,70,-6,12,1614,74,63,58,72,80,68,69,72,68,84,72,74,0.8,0.89,0.8,0.8,0.88,0.8,
GuanG,NOVA,控场,哨卫,77,71,75,-6,9,997,79,82,76,56,71,62,83,71,79,78,81,68,0.71,0.77,0.71,0.71,0.0,0.71,clutch:no-data
RgLMeister,MIBR,控场,控场,65,71,68,6,2,48,71,71,71,71,74,71,56,54,67,73,64,68,0.11,0.1,0.11,0.11,0.25,0.11,
Virtyy,LOUD,决斗者,决斗者,60,54,59,-6,3,425,61,56,62,63,61,62,62,69,55,55,58,54,0.52,0.78,0.52,0.52,0.63,0.52,
xeus,FUT,决斗者,决斗者,74,68,72,-6,7,1558,79,70,66,59,64,61,83,84,64,60,68,60,0.8,0.91,0.8,0.8,0.82,0.8,
UdoTan,GE,决斗者,决斗者,83,77,80,-6,7,1493,78,77,77,64,78,72,87,88,78,66,86,73,0.79,0.91,0.79,0.79,0.84,0.79,
Shr1mp,AG,先锋,先锋,85,79,84,-6,6,1420,76,89,85,68,84,74,78,74,92,89,92,88,0.78,0.78,0.78,0.78,0.35,0.78,
bdog,FUR,决斗者,先锋,65,71,91,6,1,9,72,72,72,72,67,72,67,70,62,62,63,64,0.02,0.01,0.02,0.02,0.08,0.02,
basic,FUR,决斗者,决斗者,90,96,91,6,1,556,76,79,96,94,91,99,91,83,93,87,96,94,0.58,0.7,0.58,0.58,0.78,0.58,
Neon,LEV,哨卫,哨卫,91,97,89,6,4,1227,84,99,99,74,83,87,91,95,92,85,85,87,0.75,0.88,0.75,0.75,0.88,0.75,
tkzin,LOUD,决斗者,决斗者,76,70,70,-6,1,643,78,60,64,65,91,68,83,84,64,61,79,62,0.62,0.84,0.62,0.62,0.52,0.62,
xavi8k,GE,控场,控场,82,76,80,-6,4,1308,72,73,77,74,78,74,71,75,86,91,77,86,0.77,0.82,0.77,0.77,0.89,0.77,
Sayonara,VIT,先锋,先锋,90,84,88,-6,3,1008,93,95,84,61,88,71,90,89,94,91,91,87,0.72,0.79,0.72,0.72,0.84,0.72,
DeadInk,FF,决斗者,决斗者,68,74,73,6,1,341,62,97,86,59,65,67,65,74,67,60,76,59,0.46,0.66,0.46,0.46,0.59,0.46,
nekky,EF,先锋,先锋,71,65,67,-6,3,829,78,64,65,62,88,61,70,63,71,76,75,68,0.67,0.7,0.67,0.67,0.83,0.67,
Ying,KBG,决斗者,控场,62,68,81,6,1,107,75,72,65,67,71,66,65,58,65,65,60,60,0.21,0.3,0.21,0.21,0.0,0.21,clutch:no-data
sibeastw0w,KBG,先锋,先锋,80,74,78,-6,1,107,74,72,71,74,71,73,85,89,71,80,79,72,0.21,0.18,0.21,0.21,0.0,0.21,clutch:no-data
Krst1Ng,KBG,控场,控场,61,67,70,6,1,107,70,70,67,68,71,68,58,53,61,68,62,57,0.21,0.31,0.21,0.21,0.0,0.21,clutch:no-data
wayne,TL,控场,控场,82,76,80,-6,3,587,72,72,80,76,59,80,73,73,87,89,73,89,0.59,0.65,0.59,0.59,0.79,0.59,
KiTae,GEN,控场,控场,60,66,59,6,1,106,66,61,66,73,67,71,58,61,55,68,54,59,0.21,0.33,0.21,0.21,0.29,0.21,
Rimuru,TS,决斗者,决斗者,59,53,52,-6,1,104,66,47,56,69,66,64,64,68,50,55,55,52,0.21,0.57,0.21,0.21,0.13,0.21,
NagZ,KRÜ,控场,哨卫,64,70,64,6,1,96,67,63,68,72,82,69,60,66,62,68,67,59,0.19,0.27,0.19,0.19,0.43,0.19,
benG,KRÜ,控场,控场,59,65,61,6,1,96,68,71,67,67,65,66,56,55,56,68,53,58,0.19,0.24,0.19,0.19,0.53,0.19,
trexx,TL,先锋,先锋,91,96,88,5,8,1038,81,83,88,91,80,92,85,86,95,95,92,95,0.72,0.74,0.72,0.72,0.87,0.72,
primmie,FS,决斗者,决斗者,91,96,91,5,9,1414,94,96,89,66,82,77,95,94,88,72,95,82,0.78,0.9,0.78,0.78,0.88,0.78,
t3xture,GEN,哨卫,决斗者,86,81,86,-5,13,1457,82,90,77,59,75,67,89,94,78,74,91,73,0.78,0.93,0.78,0.78,0.87,0.78,
Boo,TH,控场,控场,78,83,77,5,15,1837,64,67,85,88,69,87,65,64,83,88,69,87,0.82,0.86,0.82,0.82,0.94,0.82,
hiro,NAVI,控场,哨卫,89,84,86,-5,8,1183,91,80,75,70,87,73,94,90,89,89,94,82,0.75,0.84,0.75,0.75,0.88,0.75,
d4v41,PRX,控场,哨卫,90,85,82,-5,16,2415,77,85,89,78,69,85,85,81,92,88,83,84,0.86,0.91,0.86,0.86,0.94,0.86,
Lysoar,XLG,控场,控场,82,77,82,-5,15,1964,78,81,84,71,60,78,78,71,90,89,75,88,0.83,0.82,0.83,0.83,0.75,0.83,
pANcada,LOUD,控场,控场,77,72,79,-5,5,363,75,77,75,71,63,72,72,68,80,81,74,79,0.48,0.52,0.48,0.48,0.77,0.48,
Cryocells,100T,哨卫,哨卫,89,84,87,-5,10,1468,82,91,87,63,77,77,91,92,90,81,90,82,0.79,0.88,0.79,0.79,0.9,0.79,
OXY,C9,决斗者,决斗者,89,84,88,-5,9,1138,90,84,66,60,87,69,93,96,84,73,91,77,0.74,0.92,0.74,0.74,0.74,0.74,
mazin,FX,先锋,先锋,56,61,56,5,4,176,62,64,64,66,73,62,48,51,52,72,55,55,0.31,0.37,0.31,0.31,0.57,0.31,
Xeppaa,C9,先锋,先锋,83,78,79,-5,8,797,79,74,75,73,72,78,78,73,88,86,83,86,0.67,0.72,0.67,0.67,0.82,0.67,
Spitfires,TEC,决斗者,决斗者,70,65,69,-5,6,757,70,64,67,68,71,66,78,76,62,59,71,60,0.65,0.83,0.65,0.65,0.0,0.65,clutch:no-data
Kada,M8,先锋,控场,75,70,78,-5,3,163,73,75,71,71,62,71,70,72,74,81,74,74,0.29,0.38,0.29,0.29,0.51,0.29,
cortezia,SEN,控场,哨卫,80,75,76,-5,8,1216,79,77,76,68,75,69,83,79,81,81,79,72,0.75,0.85,0.75,0.75,0.89,0.75,
NoMan,XLG,决斗者,决斗者,68,63,65,-5,7,1571,60,62,77,67,70,67,68,74,65,63,71,61,0.8,0.9,0.8,0.8,0.69,0.8,
Kushy,RRQ,先锋,先锋,74,69,70,-5,8,1242,75,66,72,67,70,71,68,67,78,79,73,76,0.76,0.81,0.76,0.76,0.85,0.76,
penny,C9,决斗者,决斗者,72,67,73,-5,5,478,65,65,76,73,62,73,72,78,68,65,76,68,0.54,0.76,0.54,0.54,0.67,0.54,
dos9,KC,控场,控场,91,86,89,-5,6,995,75,85,86,78,81,83,83,83,93,95,92,95,0.71,0.8,0.71,0.71,0.86,0.71,
CLZ,ZETA,控场,先锋,63,68,61,5,3,182,71,72,68,64,84,65,57,61,63,68,64,61,0.31,0.35,0.31,0.31,0.61,0.31,
margaret,QTD,哨卫,哨卫,79,74,79,-5,3,292,76,81,71,63,84,66,82,84,78,76,84,70,0.42,0.6,0.42,0.42,0.69,0.42,
Sylvan,TS,控场,控场,84,79,79,-5,6,877,76,65,70,81,80,79,74,69,83,89,78,87,0.69,0.75,0.69,0.69,0.85,0.69,
PxS,LEV,控场,先锋,66,71,66,5,2,114,69,72,70,70,78,70,62,68,62,70,68,65,0.22,0.32,0.22,0.22,0.51,0.22,
Dynamite,TEC,决斗者,决斗者,73,68,73,-5,4,1099,68,61,71,82,71,78,77,71,68,68,76,71,0.73,0.87,0.73,0.73,0.0,0.73,clutch:no-data
nightz,ENVY,决斗者,决斗者,78,83,78,5,1,424,74,74,74,97,71,88,83,82,72,79,73,79,0.51,0.67,0.51,0.51,0.69,0.51,
Klaus,VL,控场,决斗者,70,75,69,5,3,510,64,66,78,83,84,77,65,67,67,79,73,66,0.56,0.71,0.56,0.56,0.73,0.56,
Zeus,TS,决斗者,决斗者,81,76,83,-5,2,447,78,70,70,70,81,78,86,89,77,68,77,77,0.53,0.81,0.53,0.53,0.55,0.53,
Kippei,QTD,控场,控场,62,67,65,5,1,124,69,78,69,68,64,68,51,50,63,75,52,68,0.24,0.33,0.24,0.24,0.51,0.24,
Kachoww,FF,决斗者,决斗者,88,93,92,5,1,341,92,99,81,70,77,80,92,92,86,77,90,84,0.46,0.72,0.46,0.46,0.44,0.46,
Favian,EF,决斗者,决斗者,82,77,82,-5,3,829,79,73,70,73,83,71,88,84,75,72,88,73,0.67,0.84,0.67,0.67,0.78,0.67,
Fizzy,SGE,控场,控场,80,75,82,-5,1,236,70,75,72,74,84,74,70,75,81,88,83,80,0.37,0.46,0.37,0.37,0.6,0.37,
Jesse,GX,控场,控场,63,68,60,5,1,338,60,56,64,76,89,69,51,55,61,76,62,67,0.46,0.51,0.46,0.46,0.7,0.46,
f4ngeer,AG,决斗者,决斗者,87,82,86,-5,4,1215,84,91,78,60,66,65,94,96,79,70,94,74,0.75,0.9,0.75,0.75,0.29,0.75,
FT,BLG,决斗者,决斗者,56,61,56,5,1,545,60,59,71,73,71,66,57,55,55,61,56,54,0.58,0.67,0.58,0.58,0.0,0.58,clutch:no-data
FKEY,TE,先锋,先锋,58,63,58,5,1,616,70,70,51,71,71,61,56,53,55,72,51,56,0.61,0.73,0.61,0.61,0.0,0.61,clutch:no-data
Leviathan,FS,控场,控场,73,68,70,-5,3,547,75,60,68,66,83,64,68,66,74,83,74,74,0.58,0.64,0.58,0.58,0.8,0.58,
nerve,FUR,控场,控场,70,65,67,-5,3,504,65,63,75,65,66,67,58,57,75,79,65,74,0.56,0.57,0.56,0.56,0.76,0.56,
Kai,TE,决斗者,决斗者,79,75,80,-4,11,1534,78,83,73,61,65,65,89,81,75,67,76,70,0.79,0.9,0.79,0.79,0.26,0.79,
LuoK1ng,TE,控场,控场,79,75,76,-4,10,1215,68,69,76,82,58,80,68,63,81,87,78,85,0.75,0.78,0.75,0.75,0.29,0.75,
MaKo,KRX,控场,控场,87,83,86,-4,12,1773,76,78,81,81,71,84,82,79,89,94,87,93,0.82,0.88,0.82,0.82,0.92,0.82,
BuZz,T1,决斗者,决斗者,86,82,82,-4,13,1877,78,82,78,73,74,78,88,92,78,71,89,76,0.82,0.93,0.82,0.82,0.86,0.82,
benjyfishy,TH,哨卫,哨卫,78,82,77,4,15,1837,75,74,81,75,87,80,80,78,82,78,83,76,0.82,0.88,0.82,0.82,0.91,0.82,
BeYN,KRX,先锋,先锋,80,76,76,-4,10,1623,73,78,80,68,88,73,70,70,85,84,84,83,0.8,0.84,0.8,0.8,0.91,0.8,
Life,DRG,决斗者,决斗者,69,65,66,-4,13,1534,76,68,65,60,61,61,79,77,57,56,71,55,0.79,0.92,0.79,0.79,0.37,0.79,
Derrek,EG,先锋,先锋,77,73,80,-4,6,325,82,77,73,68,65,70,77,71,81,80,75,78,0.45,0.46,0.45,0.45,0.72,0.45,
Ethan,NRG,先锋,先锋,84,88,77,4,12,1961,71,72,76,93,71,92,71,71,83,89,82,88,0.83,0.89,0.83,0.83,0.88,0.83,
Asuna,100T,决斗者,决斗者,87,91,84,4,10,1468,69,71,93,99,72,99,84,87,87,85,87,93,0.79,0.89,0.79,0.79,0.85,0.79,
havoc,FUR,决斗者,决斗者,58,62,59,4,5,150,70,62,60,67,68,63,63,67,50,53,54,51,0.27,0.58,0.27,0.27,0.36,0.27,
tuyz,FX,控场,控场,70,66,65,-4,8,406,66,62,71,69,71,68,55,62,68,77,62,71,0.5,0.56,0.5,0.5,0.75,0.5,
Viva,TE,先锋,先锋,76,72,73,-4,10,980,70,70,82,70,61,75,67,61,84,83,70,82,0.71,0.7,0.71,0.71,0.43,0.71,
monk,AT,控场,控场,72,76,71,4,6,257,70,72,72,80,71,78,63,58,71,83,70,75,0.39,0.4,0.39,0.39,0.0,0.39,clutch:no-data
Eren,AT,哨卫,哨卫,70,74,76,4,4,188,76,71,73,72,71,77,76,75,69,70,60,68,0.32,0.42,0.32,0.32,0.0,0.32,clutch:no-data
SSeeS,DFM,控场,控场,65,69,63,4,7,1109,55,56,75,81,65,77,51,50,66,77,56,71,0.73,0.77,0.73,0.73,0.89,0.73,
Dep,ZETA,决斗者,决斗者,76,72,81,-4,6,244,76,75,69,67,73,68,82,82,69,65,77,66,0.38,0.65,0.38,0.38,0.54,0.38,
crazyguy,RRQ,控场,先锋,71,75,68,4,9,1511,71,64,66,85,64,78,62,65,70,83,66,76,0.79,0.86,0.79,0.79,0.91,0.79,
grubinho,GX,控场,控场,72,76,76,4,9,884,70,72,69,77,85,75,67,67,73,80,74,77,0.69,0.79,0.69,0.69,0.85,0.69,
purp0,TL,决斗者,决斗者,74,70,72,-4,8,1341,66,73,89,61,66,72,74,80,76,63,75,71,0.77,0.89,0.77,0.77,0.88,0.77,
marteen,M8,决斗者,决斗者,93,97,91,4,11,1347,91,90,88,82,85,88,95,95,88,78,96,88,0.77,0.9,0.77,0.77,0.87,0.77,
Fit1nho,GX,先锋,决斗者,66,70,67,4,3,77,70,70,72,73,68,71,66,70,63,70,64,64,0.16,0.26,0.16,0.16,0.28,0.16,
sh1n,KC,控场,控场,68,72,72,4,4,131,68,70,74,74,66,75,57,58,69,74,60,72,0.25,0.31,0.25,0.25,0.5,0.25,
Shao,NAVI,控场,先锋,80,76,77,-4,7,573,75,78,77,70,84,73,73,68,85,84,82,83,0.59,0.66,0.59,0.59,0.8,0.59,
westside,GX,哨卫,哨卫,74,70,72,-4,7,1160,81,73,62,63,77,63,80,78,71,74,77,65,0.74,0.86,0.74,0.74,0.88,0.74,
silentzz,KRÜ,哨卫,哨卫,64,68,64,4,4,430,69,75,69,69,64,68,64,70,65,63,61,60,0.52,0.64,0.52,0.52,0.71,0.52,
Dantedeu5,KRÜ,决斗者,决斗者,57,53,57,-4,3,853,59,49,62,75,54,73,58,66,51,56,47,57,0.68,0.87,0.68,0.68,0.65,0.68,
PROFEK,VIT,控场,控场,85,81,82,-4,7,1567,71,85,85,76,73,78,75,76,88,90,82,88,0.8,0.84,0.8,0.8,0.9,0.8,
MONSTEERR,SGE,哨卫,哨卫,80,76,79,-4,2,345,82,68,67,73,81,71,88,82,78,76,87,71,0.46,0.57,0.46,0.46,0.73,0.46,
UNFAKE,JL,先锋,先锋,64,60,61,-4,3,558,67,67,71,61,56,64,55,57,67,70,59,64,0.58,0.61,0.58,0.58,0.79,0.58,
flyuh,MKOI,控场,先锋,62,66,61,4,3,203,74,67,63,67,68,68,59,56,61,71,52,62,0.34,0.47,0.34,0.34,0.49,0.34,
Filu,NAVI,决斗者,决斗者,69,65,66,-4,5,564,69,67,69,67,69,66,75,78,61,61,69,57,0.59,0.79,0.59,0.59,0.69,0.59,
Killua,FS,先锋,先锋,85,81,82,-4,6,1337,88,82,80,71,67,80,84,82,90,86,81,87,0.77,0.81,0.77,0.77,0.89,0.77,
TenTen,TS,决斗者,决斗者,61,57,59,-4,3,198,64,52,61,69,75,66,63,69,52,56,62,53,0.33,0.64,0.33,0.33,0.46,0.33,
Coco,TEC,控场,控场,86,82,85,-4,5,1261,82,72,75,82,71,80,85,72,88,92,78,89,0.76,0.78,0.76,0.76,0.0,0.76,clutch:no-data
Juicy,WOL,决斗者,决斗者,65,69,69,4,4,362,70,67,65,73,81,69,68,69,57,62,67,58,0.47,0.72,0.47,0.47,0.2,0.47,
erde,LOUD,控场,控场,82,78,87,-4,2,763,80,81,75,73,75,74,73,71,82,90,77,84,0.66,0.77,0.66,0.66,0.81,0.66,
Zanatsu,FX,决斗者,决斗者,69,65,68,-4,1,98,73,61,65,73,58,69,77,81,58,63,60,60,0.2,0.43,0.2,0.2,0.33,0.2,
Caedye,DFM,哨卫,哨卫,67,71,65,4,3,932,71,68,63,78,74,73,71,71,63,70,65,62,0.7,0.81,0.7,0.7,0.79,0.7,
Misaya,QTD,先锋,先锋,57,61,53,4,1,124,64,75,62,67,59,62,48,47,54,73,47,60,0.24,0.24,0.24,0.24,0.43,0.24,
kozzy,EP,决斗者,决斗者,86,82,89,-4,1,312,85,81,71,63,88,68,93,93,78,68,92,73,0.44,0.7,0.44,0.44,0.54,0.44,
Lar0k,BBL,决斗者,决斗者,80,76,79,-4,4,852,71,75,77,78,73,76,84,81,75,71,81,75,0.68,0.84,0.68,0.68,0.79,0.68,
musashi,SGE,先锋,先锋,66,70,66,4,1,236,68,81,68,69,78,68,60,66,62,75,70,65,0.37,0.52,0.37,0.37,0.53,0.37,
ExiT,NAVI,决斗者,决斗者,65,61,64,-4,1,388,70,54,59,71,69,70,70,76,54,56,60,56,0.49,0.77,0.49,0.49,0.54,0.49,
koshmaras,TH,决斗者,决斗者,76,72,74,-4,3,895,66,68,74,83,72,84,77,82,72,72,72,76,0.69,0.87,0.69,0.69,0.77,0.69,
P0PPIN,ENVY,先锋,先锋,61,65,60,4,2,352,69,65,61,70,67,67,54,60,58,72,54,63,0.47,0.6,0.47,0.47,0.61,0.47,
Bati,LOUD,控场,控场,59,63,56,4,1,115,62,53,62,77,53,71,45,48,55,76,50,64,0.22,0.29,0.22,0.22,0.39,0.22,
ZynX,GEN,决斗者,决斗者,59,63,62,4,2,259,69,62,65,71,60,68,65,64,53,55,52,52,0.39,0.6,0.39,0.39,0.5,0.39,
bud,BLG,先锋,先锋,59,63,59,4,1,251,69,57,65,68,71,65,54,50,61,73,53,58,0.39,0.43,0.39,0.39,0.0,0.39,clutch:no-data
RieNs,TH,先锋,先锋,92,89,89,-3,15,1837,99,91,82,72,80,81,93,85,95,91,91,92,0.82,0.86,0.82,0.82,0.91,0.82,
Shyy,FUR,哨卫,哨卫,84,81,83,-3,8,975,74,79,87,72,74,79,82,79,90,81,86,81,0.71,0.77,0.71,0.71,0.89,0.71,
AAAAY,FPX,控场,哨卫,84,81,82,-3,12,1106,85,86,85,69,68,73,89,77,92,86,80,79,0.73,0.71,0.73,0.73,0.16,0.73,
BerLIN,JDG,先锋,先锋,73,76,70,3,11,1317,74,62,71,80,68,79,67,61,73,83,70,80,0.77,0.83,0.77,0.77,0.14,0.77,
trent,G2,先锋,先锋,91,94,90,3,16,2420,90,90,95,78,81,88,89,82,96,93,95,94,0.86,0.88,0.86,0.86,0.94,0.86,
Foxy9,VL,控场,哨卫,81,78,78,-3,10,1006,82,83,74,66,83,70,84,83,84,82,85,76,0.72,0.84,0.72,0.72,0.83,0.72,
something,PRX,决斗者,决斗者,89,86,86,-3,16,2415,74,91,94,67,78,76,89,92,85,72,89,81,0.86,0.94,0.86,0.86,0.93,0.86,
MrFaliN,FUT,控场,先锋,73,76,74,3,9,528,71,70,66,83,68,75,70,66,71,82,74,75,0.57,0.68,0.57,0.57,0.77,0.57,
Palla,FX,决斗者,决斗者,64,61,63,-3,3,197,75,59,58,67,59,64,73,77,50,54,58,50,0.33,0.65,0.33,0.33,0.38,0.33,
Abo,TE,控场,哨卫,71,68,69,-3,8,762,71,69,68,68,71,67,73,67,70,76,74,65,0.66,0.75,0.66,0.66,0.0,0.66,clutch:no-data
aluba,WOL,先锋,先锋,72,69,69,-3,4,569,69,67,74,68,71,72,63,61,79,79,65,76,0.59,0.52,0.59,0.59,0.0,0.59,clutch:no-data
sScary,FPX,控场,控场,77,74,83,-3,4,157,71,76,72,75,70,75,70,68,80,82,76,81,0.28,0.32,0.28,0.28,0.39,0.28,
stax,T1,先锋,先锋,81,84,75,3,12,1593,71,79,86,80,80,81,65,63,85,89,80,84,0.8,0.8,0.8,0.8,0.9,0.8,
N4RRATE,KC,哨卫,先锋,89,86,88,-3,13,1422,93,95,78,69,69,79,88,88,90,87,88,91,0.78,0.88,0.78,0.78,0.88,0.78,
nAts,TL,控场,哨卫,88,85,84,-3,13,1792,83,80,82,76,79,82,89,86,90,89,88,84,0.82,0.89,0.82,0.82,0.92,0.82,
Zyppan,M8,决斗者,先锋,64,67,64,3,5,215,75,68,64,70,59,69,64,67,62,65,63,67,0.35,0.53,0.35,0.35,0.49,0.35,
paTiTek,EP,控场,先锋,73,76,72,3,11,1022,67,77,77,78,63,80,60,68,79,83,68,81,0.72,0.79,0.72,0.72,0.86,0.72,
qck,2G,决斗者,决斗者,60,63,59,3,4,189,68,64,68,69,61,68,62,68,50,52,62,50,0.32,0.58,0.32,0.32,0.39,0.32,
neT,GX,先锋,先锋,67,64,65,-3,5,672,76,73,69,62,60,65,63,64,69,72,62,68,0.63,0.73,0.63,0.63,0.82,0.63,
jakee,FUR,控场,控场,68,71,87,3,2,24,72,69,71,72,71,72,65,67,63,74,68,68,0.06,0.06,0.06,0.06,0.06,0.06,
doma,JL,哨卫,哨卫,71,74,71,3,2,306,62,71,81,74,75,77,62,69,77,75,73,72,0.43,0.49,0.43,0.43,0.65,0.43,
Akeman,KBG,决斗者,决斗者,58,61,61,3,4,532,65,57,58,71,79,66,63,64,50,55,51,52,0.57,0.81,0.57,0.57,0.17,0.57,
Okeanos,EG,控场,决斗者,72,75,70,3,3,471,67,60,75,86,70,80,70,74,69,76,67,72,0.54,0.68,0.54,0.54,0.66,0.54,
LewN,KC,决斗者,决斗者,82,79,81,-3,6,1174,83,81,73,60,77,66,90,91,72,65,84,68,0.75,0.9,0.75,0.75,0.8,0.75,
Persia,NS,控场,控场,83,80,85,-3,3,320,70,77,79,79,80,79,71,74,85,89,81,85,0.44,0.53,0.44,0.44,0.68,0.44,
gyen,DFM,哨卫,控场,67,64,72,-3,3,209,73,69,65,66,65,64,67,68,65,75,65,66,0.34,0.49,0.34,0.34,0.6,0.34,
CyvOph,NAVI,决斗者,决斗者,73,76,70,3,3,506,60,55,81,99,67,90,70,73,78,80,69,81,0.56,0.66,0.56,0.56,0.69,0.56,
Bai,AG,哨卫,哨卫,65,68,65,3,3,705,66,66,70,74,71,73,64,61,67,70,61,64,0.64,0.71,0.64,0.64,0.0,0.64,clutch:no-data
FireBallOps,C9,哨卫,哨卫,72,69,71,-3,1,412,77,72,71,64,64,69,78,77,71,70,69,65,0.51,0.67,0.51,0.51,0.72,0.51,
bao,EG,哨卫,哨卫,69,72,66,3,3,792,65,63,71,80,76,77,66,64,70,75,67,69,0.66,0.76,0.66,0.66,0.83,0.66,
Paincakes,EG,先锋,先锋,66,69,62,3,2,497,65,68,72,72,72,70,54,59,68,75,61,69,0.55,0.56,0.55,0.55,0.77,0.55,
Ray,ONG,控场,控场,78,75,89,-3,1,231,84,88,72,66,58,70,79,77,79,81,72,78,0.37,0.53,0.37,0.37,0.66,0.37,
Xiesta,ONG,决斗者,决斗者,84,81,90,-3,1,231,77,78,75,79,79,79,86,89,78,75,88,80,0.37,0.63,0.37,0.37,0.31,0.37,
eKo,ZETA,决斗者,决斗者,76,73,72,-3,3,753,68,63,75,85,65,82,77,78,73,71,78,76,0.65,0.81,0.65,0.65,0.83,0.65,
oonzmlp,VL,哨卫,哨卫,81,84,77,3,3,754,73,72,76,92,83,86,81,78,81,85,81,82,0.65,0.77,0.65,0.65,0.82,0.65,
yatsuka,DFM,决斗者,决斗者,67,70,66,3,3,932,62,59,76,81,83,77,66,65,65,65,73,67,0.7,0.83,0.7,0.7,0.84,0.7,
Pkm,QTD,决斗者,决斗者,63,66,62,3,1,124,70,70,63,65,76,61,67,72,52,54,63,52,0.24,0.47,0.24,0.24,0.35,0.24,
seph1roth,FS,哨卫,哨卫,57,60,57,3,1,488,66,68,67,59,65,63,57,62,59,61,51,54,0.55,0.68,0.55,0.55,0.75,0.55,
Kolosha,NAVI,决斗者,决斗者,57,54,51,-3,2,165,63,49,61,73,61,67,58,64,51,57,52,55,0.29,0.56,0.29,0.29,0.27,0.29,
GREEN,NOVA,控场,控场,58,61,59,3,2,236,70,67,60,63,71,60,59,51,56,68,49,55,0.37,0.46,0.37,0.37,0.0,0.37,clutch:no-data
Youze,AG,决斗者,决斗者,52,55,52,3,1,213,60,52,61,71,71,64,52,53,51,56,50,52,0.35,0.58,0.35,0.35,0.0,0.35,clutch:no-data
sturNN,ULF,控场,控场,54,57,51,3,1,103,67,61,60,62,62,61,51,52,52,62,52,52,0.2,0.33,0.2,0.2,0.43,0.2,
yetujey,FUT,哨卫,哨卫,81,79,79,-2,12,1715,74,76,80,73,80,75,82,79,83,81,84,77,0.81,0.87,0.81,0.81,0.94,0.81,
MiniBoo,TL,决斗者,决斗者,81,79,81,-2,13,1296,79,80,72,65,85,70,88,90,73,66,87,71,0.76,0.92,0.76,0.76,0.8,0.76,
whzy,BLG,决斗者,决斗者,85,83,86,-2,12,1613,84,85,75,69,69,73,91,94,82,73,85,79,0.8,0.92,0.8,0.8,0.24,0.8,
runneR,JL,决斗者,决斗者,79,77,75,-2,7,535,70,69,77,85,71,81,80,83,76,74,80,79,0.57,0.74,0.57,0.57,0.73,0.57,
tex,MIBR,哨卫,哨卫,61,63,60,2,11,1433,65,63,64,63,77,62,60,66,59,63,61,56,0.78,0.88,0.78,0.78,0.9,0.78,
JitBoyS,FS,决斗者,决斗者,72,70,72,-2,11,1501,68,68,77,74,64,75,75,75,73,70,75,72,0.79,0.91,0.79,0.79,0.86,0.79,
Crws,FS,控场,控场,62,64,63,2,10,1362,55,57,68,71,84,66,50,52,63,75,64,67,0.77,0.84,0.77,0.77,0.9,0.77,
bang,100T,控场,控场,89,87,87,-2,13,1708,76,83,88,78,86,82,82,81,92,94,92,93,0.81,0.85,0.81,0.81,0.9,0.81,
Meiy,DFM,决斗者,决斗者,88,86,88,-2,9,1214,89,94,77,56,67,70,93,95,85,70,91,78,0.75,0.9,0.75,0.75,0.85,0.75,
Jremy,TS,决斗者,决斗者,73,71,77,-2,5,205,73,71,69,68,74,71,76,78,69,65,73,66,0.34,0.66,0.34,0.34,0.42,0.34,
TakaS,M8,决斗者,决斗者,65,67,63,2,3,67,70,66,67,71,72,69,68,71,57,62,68,57,0.14,0.37,0.14,0.14,0.18,0.14,
MAGNUM,EP,哨卫,哨卫,83,85,79,2,7,783,73,67,74,88,94,84,81,81,79,85,87,82,0.66,0.78,0.66,0.66,0.81,0.66,
Jamppi,VIT,先锋,先锋,81,79,76,-2,10,1644,80,74,68,75,88,77,75,79,79,85,82,83,0.8,0.89,0.8,0.8,0.89,0.8,
Verno,MIBR,先锋,先锋,88,86,86,-2,8,1370,84,86,91,70,90,81,83,76,94,90,91,91,0.77,0.81,0.77,0.77,0.9,0.77,
ComeBack,NAVI,决斗者,决斗者,72,70,74,-2,3,445,73,78,68,61,74,62,77,80,64,62,72,62,0.53,0.78,0.53,0.53,0.64,0.53,
Francis,NS,决斗者,决斗者,84,82,82,-2,7,1548,72,73,80,87,72,87,83,84,80,76,79,84,0.79,0.91,0.79,0.79,0.86,0.79,
thyy,FS,决斗者,决斗者,70,72,70,2,3,441,67,71,78,77,65,78,71,72,72,66,65,72,0.52,0.69,0.52,0.52,0.69,0.52,
SyouTa,ZETA,控场,哨卫,65,67,62,2,5,844,75,71,62,64,77,64,67,69,63,69,65,55,0.68,0.79,0.68,0.68,0.86,0.68,
vora,100T,先锋,先锋,81,79,77,-2,3,1033,73,76,83,73,79,79,72,68,87,87,79,86,0.72,0.77,0.72,0.72,0.86,0.72,
Timotino,100T,决斗者,决斗者,81,79,79,-2,3,1033,77,78,68,75,91,74,85,90,70,70,86,72,0.72,0.91,0.72,0.72,0.76,0.72,
Reduxx,SEN,控场,决斗者,82,80,78,-2,3,740,72,77,81,83,62,84,85,88,79,84,73,81,0.65,0.81,0.65,0.65,0.74,0.65,
Darker,LOUD,控场,控场,78,76,76,-2,3,963,73,74,70,77,75,78,73,71,79,84,72,80,0.71,0.77,0.71,0.71,0.84,0.71,
GLYPH,ENVY,控场,控场,76,74,73,-2,4,1018,61,75,81,74,75,77,60,64,82,84,71,83,0.72,0.72,0.72,0.72,0.87,0.72,
yong,KRX,哨卫,哨卫,73,71,71,-2,2,615,78,75,68,68,67,69,80,77,72,70,70,67,0.61,0.76,0.61,0.61,0.78,0.61,
Cloudy,ONG,先锋,先锋,56,58,54,2,1,231,62,62,66,63,66,61,51,52,55,65,53,56,0.37,0.41,0.37,0.37,0.62,0.37,
hezacoil,FF,控场,控场,81,83,87,2,1,341,74,80,82,73,94,77,68,68,84,89,83,84,0.46,0.59,0.46,0.46,0.72,0.46,
s0pp,FUT,决斗者,决斗者,86,84,84,-2,3,1187,79,88,73,70,86,76,88,92,81,73,90,78,0.75,0.91,0.75,0.75,0.8,0.75,
bipo,M8,决斗者,决斗者,57,55,56,-2,4,843,56,57,70,65,60,64,56,67,55,55,54,52,0.68,0.84,0.68,0.68,0.81,0.68,
swagzor,NOVA,决斗者,决斗者,83,81,84,-2,2,594,86,82,69,65,71,73,91,92,78,67,76,75,0.6,0.84,0.6,0.6,0.0,0.6,clutch:no-data
zhe,JDG,决斗者,决斗者,81,79,84,-2,3,1216,74,79,84,70,71,78,84,81,79,73,84,78,0.75,0.89,0.75,0.75,0.0,0.75,clutch:no-data
crownfisher,JDG,控场,控场,71,69,71,-2,1,691,73,63,67,73,71,69,66,61,70,80,66,72,0.63,0.68,0.63,0.63,0.0,0.63,clutch:no-data
alym,FUR,决斗者,决斗者,68,66,66,-2,3,504,66,65,64,72,82,69,70,80,57,60,72,60,0.56,0.82,0.56,0.56,0.52,0.56,
baha,FUT,控场,控场,56,58,52,2,1,110,67,62,58,62,76,57,53,54,52,65,56,55,0.22,0.28,0.22,0.22,0.33,0.22,
aspas,MIBR,决斗者,决斗者,90,91,89,1,13,1635,84,99,95,57,64,75,93,96,89,70,91,81,0.8,0.92,0.8,0.8,0.89,0.8,
Kicks,TL,控场,控场,78,79,76,1,10,1047,64,70,78,80,87,79,64,63,81,87,78,84,0.72,0.77,0.72,0.72,0.86,0.72,
Wo0t,TH,决斗者,决斗者,85,86,87,1,13,1787,78,84,87,75,76,83,88,89,87,77,89,84,0.82,0.92,0.82,0.82,0.87,0.82,
Flex1n,DRG,控场,控场,81,80,79,-1,11,1224,68,67,76,91,53,88,71,67,84,90,79,89,0.75,0.8,0.75,0.75,0.43,0.75,
Jinggg,PRX,决斗者,决斗者,91,90,87,-1,14,2361,78,84,93,85,72,93,90,91,89,81,88,89,0.86,0.93,0.86,0.86,0.9,0.86,
JonahP,SEN,先锋,先锋,79,78,75,-1,13,1513,68,67,74,81,75,81,68,71,83,88,76,87,0.79,0.85,0.79,0.79,0.9,0.79,
Governor,KRÜ,先锋,先锋,55,54,54,-1,7,335,66,61,49,59,72,56,52,61,50,62,58,52,0.46,0.69,0.46,0.46,0.61,0.46,
Boaster,FNC,控场,控场,65,64,62,-1,13,1815,46,50,71,78,71,71,49,50,61,76,59,69,0.82,0.87,0.82,0.82,0.89,0.82,
moose,C9,控场,哨卫,71,70,67,-1,2,80,69,73,73,66,75,68,66,68,74,76,71,68,0.17,0.22,0.17,0.17,0.41,0.17,
Pa1nt,MIBR,决斗者,决斗者,70,69,49,-1,1,6,71,68,70,71,71,71,75,78,61,63,68,63,0.01,0.04,0.01,0.01,0.01,0.01,
Ninebody,TYL,决斗者,决斗者,74,73,77,-1,5,268,72,75,74,71,71,70,79,80,68,66,70,67,0.4,0.59,0.4,0.4,0.0,0.4,clutch:no-data
stew,JDG,决斗者,决斗者,86,85,87,-1,8,828,78,82,84,80,71,85,91,82,84,77,90,84,0.67,0.8,0.67,0.67,0.0,0.67,clutch:no-data
sword9,TYL,先锋,先锋,66,65,64,-1,6,785,62,63,75,66,71,68,55,53,73,75,60,71,0.66,0.67,0.66,0.66,0.0,0.66,clutch:no-data
coldfish,TYL,先锋,控场,70,71,73,1,3,82,71,73,75,69,71,69,65,61,75,78,64,73,0.17,0.09,0.17,0.17,0.0,0.17,clutch:no-data
cb,NOVA,决斗者,决斗者,73,74,73,1,9,1043,65,65,83,84,70,81,76,68,71,71,82,73,0.72,0.83,0.72,0.72,0.22,0.72,
SiuFatBB,TYL,先锋,先锋,73,74,68,1,8,1351,63,68,86,70,89,73,61,59,78,80,76,76,0.77,0.73,0.77,0.77,0.51,0.77,
invy,PRX,先锋,先锋,91,90,88,-1,11,1899,90,86,88,79,69,86,89,80,95,93,91,93,0.83,0.86,0.83,0.83,0.91,0.83,
Jemkin,RRQ,哨卫,决斗者,85,84,89,-1,11,1551,82,93,85,56,79,68,93,95,84,76,94,78,0.8,0.92,0.8,0.8,0.89,0.8,
JessieVash,TS,先锋,先锋,70,71,69,1,8,505,72,73,73,69,71,71,65,62,74,74,69,71,0.56,0.57,0.56,0.56,0.77,0.56,
nataNk,MKOI,哨卫,先锋,69,70,71,1,5,210,77,72,62,65,86,66,70,70,64,70,74,68,0.34,0.59,0.34,0.34,0.53,0.34,
kamo,TL,决斗者,决斗者,83,84,81,1,13,1856,84,80,81,74,72,80,90,89,77,69,83,76,0.82,0.93,0.82,0.82,0.86,0.82,
reazy,FF,控场,控场,70,71,69,1,4,408,69,72,77,67,79,70,59,61,73,77,66,73,0.51,0.57,0.51,0.51,0.69,0.51,
frz,2G,先锋,先锋,66,65,61,-1,3,158,69,68,69,65,70,65,62,63,67,73,65,65,0.28,0.34,0.28,0.28,0.57,0.28,
brawk,NRG,先锋,先锋,93,92,89,-1,8,1847,87,91,89,81,74,86,87,78,98,97,88,94,0.82,0.85,0.82,0.82,0.92,0.82,
SpiritZ1,DRG,决斗者,决斗者,75,74,74,-1,8,1637,80,75,65,68,69,68,85,82,66,64,68,65,0.8,0.92,0.8,0.8,0.27,0.8,
HYUNMIN,KRX,决斗者,决斗者,83,82,85,-1,8,1605,86,82,82,67,60,76,92,90,83,69,79,77,0.8,0.91,0.8,0.8,0.88,0.8,
xenom,2G,控场,控场,82,81,79,-1,6,586,71,81,84,77,72,80,67,75,87,89,77,89,0.59,0.66,0.59,0.59,0.79,0.59,
Rarga,XLG,决斗者,决斗者,81,80,82,-1,10,1845,80,82,78,64,75,72,89,87,78,66,84,74,0.82,0.93,0.82,0.82,0.62,0.82,
free1ng,KRX,决斗者,决斗者,71,70,70,-1,8,1605,63,66,83,65,86,69,71,73,70,65,79,67,0.8,0.91,0.8,0.8,0.89,0.8,
coconut,FPX,先锋,先锋,75,74,74,-1,8,1386,73,66,76,75,67,73,68,64,82,86,72,82,0.78,0.76,0.78,0.78,0.3,0.78,
Sato,LEV,决斗者,决斗者,92,93,88,1,5,1465,86,82,87,92,71,93,95,94,85,82,86,88,0.79,0.9,0.79,0.79,0.82,0.79,
v1c,C9,控场,控场,89,90,86,1,6,1082,73,76,84,84,95,89,79,78,91,94,91,94,0.73,0.81,0.73,0.73,0.88,0.73,
zander,100T,控场,控场,76,75,78,-1,3,294,71,75,71,74,77,76,70,70,74,80,76,80,0.42,0.6,0.42,0.42,0.59,0.42,
Proxh,M8,控场,控场,70,71,68,1,2,450,68,62,70,76,70,75,58,58,72,80,59,77,0.53,0.58,0.53,0.53,0.73,0.53,
Ash,GEN,决斗者,决斗者,78,77,76,-1,6,1084,65,69,85,78,81,80,74,78,81,74,83,79,0.73,0.85,0.73,0.73,0.84,0.73,
DaviH,LOUD,先锋,先锋,76,77,75,1,1,643,64,76,88,73,77,77,62,63,84,84,76,83,0.62,0.55,0.62,0.62,0.85,0.62,
blowz,LEV,先锋,先锋,88,89,83,1,4,1288,75,87,99,76,74,87,76,72,94,90,84,91,0.76,0.74,0.76,0.76,0.88,0.76,
zerona,EG,决斗者,决斗者,75,74,73,-1,2,497,73,74,74,80,53,77,81,78,72,73,66,73,0.55,0.71,0.55,0.55,0.7,0.55,
Jerrwin,SEN,决斗者,决斗者,59,60,59,1,2,596,63,69,60,69,59,66,63,73,49,53,51,51,0.6,0.85,0.6,0.6,0.6,0.6,
C1ndeR,VL,控场,控场,59,60,58,1,3,557,55,52,59,77,63,67,49,49,55,74,50,62,0.58,0.66,0.58,0.58,0.77,0.58,
Flicker,KRX,决斗者,决斗者,53,54,52,1,1,194,58,49,63,73,73,69,50,59,48,54,55,52,0.33,0.55,0.33,0.33,0.23,0.33,
lovers rock,BBL,决斗者,决斗者,83,82,84,-1,4,852,72,97,83,61,71,70,87,93,82,68,85,75,0.68,0.86,0.68,0.68,0.81,0.68,
Loita,BBL,控场,控场,87,86,84,-1,4,852,78,63,74,88,92,81,81,78,85,95,91,90,0.68,0.76,0.68,0.68,0.84,0.68,
azury,SGE,控场,控场,79,80,91,1,1,236,77,83,83,75,60,81,71,69,83,84,71,82,0.37,0.4,0.37,0.37,0.64,0.37,
Jamelinho213,SGE,决斗者,决斗者,74,75,80,1,1,236,77,78,67,69,70,71,80,84,63,61,72,62,0.37,0.7,0.37,0.37,0.44,0.37,
Spear,EF,决斗者,决斗者,65,64,67,-1,1,275,70,65,64,75,52,69,72,72,58,61,58,58,0.41,0.64,0.41,0.41,0.49,0.41,
iluri,EP,先锋,先锋,61,62,61,1,1,312,71,66,65,60,92,57,55,51,62,71,65,60,0.44,0.5,0.44,0.44,0.69,0.44,
Lime,EP,决斗者,决斗者,69,70,64,1,1,312,68,72,75,77,60,77,72,74,66,64,63,69,0.44,0.67,0.44,0.44,0.47,0.44,
audaz,EF,控场,控场,78,77,77,-1,3,829,68,75,78,75,80,76,67,63,84,86,74,84,0.67,0.7,0.67,0.67,0.87,0.67,
qpert,PCF,控场,控场,63,64,63,1,3,648,60,53,64,75,69,71,51,48,65,75,52,70,0.62,0.7,0.62,0.62,0.82,0.62,
Erv,TYL,控场,控场,90,89,91,-1,3,1189,80,80,87,85,71,88,87,77,93,96,84,95,0.75,0.79,0.75,0.75,0.0,0.75,clutch:no-data
Layla,AT,哨卫,哨卫,68,69,79,1,1,112,75,73,63,69,71,66,73,73,60,71,73,63,0.22,0.42,0.22,0.22,0.0,0.22,clutch:no-data
iamgrq,AG,控场,控场,81,80,82,-1,4,1215,74,69,76,83,72,85,75,68,85,90,75,89,0.75,0.81,0.75,0.75,0.31,0.75,
Xlele,FPX,决斗者,决斗者,72,71,74,-1,2,712,71,73,77,63,71,70,78,69,73,62,72,68,0.64,0.79,0.64,0.64,0.0,0.64,clutch:no-data
qiutiaN,NOVA,先锋,先锋,69,70,67,1,3,761,70,70,69,71,71,72,62,60,71,79,68,71,0.66,0.73,0.66,0.66,0.0,0.66,clutch:no-data
Sharks,XLG,决斗者,决斗者,68,69,71,1,1,45,71,69,68,71,71,71,67,65,70,66,77,63,0.1,0.32,0.1,0.1,0.0,0.1,clutch:no-data
jowa,WOL,控场,控场,73,74,74,1,2,351,70,66,69,79,71,77,66,67,71,79,65,77,0.47,0.58,0.47,0.47,0.0,0.47,clutch:no-data
Inspire,ENVY,控场,控场,68,67,82,-1,1,150,77,76,71,63,67,64,68,68,67,70,73,64,0.27,0.39,0.27,0.27,0.6,0.27,
saadhak,KRÜ,控场,控场,73,73,68,0,9,1133,64,60,61,84,86,75,61,65,66,83,70,76,0.74,0.84,0.74,0.74,0.84,0.74,
Klaus,KRÜ,控场,先锋,70,70,62,0,3,64,70,73,70,70,70,71,65,67,67,79,73,66,0.14,0.23,0.14,0.14,0.2,0.14,
jkuro,JDG,控场,决斗者,73,73,71,0,9,1506,63,55,77,91,71,82,71,66,69,82,76,74,0.79,0.86,0.79,0.79,0.0,0.79,clutch:no-data
Yuicaw,JDG,哨卫,哨卫,77,77,74,0,10,1653,75,71,69,86,65,82,80,75,76,82,81,76,0.81,0.87,0.81,0.81,0.43,0.81,
vo0kashu,DRG,哨卫,哨卫,92,92,89,0,11,1708,97,95,95,74,56,87,94,87,97,85,95,87,0.81,0.83,0.81,0.81,0.34,0.81,
xffero,RRQ,控场,哨卫,83,83,80,0,11,1613,74,77,85,80,73,83,81,78,90,87,87,81,0.8,0.85,0.8,0.8,0.92,0.8,
OBONE,NOVA,控场,控场,65,65,67,0,4,211,70,62,64,70,71,65,62,56,61,74,69,64,0.35,0.32,0.35,0.35,0.0,0.35,clutch:no-data
Levius,BLG,哨卫,哨卫,64,64,64,0,6,531,63,64,75,70,56,70,62,58,67,69,62,64,0.57,0.63,0.57,0.57,0.43,0.57,
spike,LEV,决斗者,决斗者,85,85,79,0,5,1384,76,80,76,84,85,86,82,85,74,74,83,78,0.78,0.92,0.78,0.78,0.74,0.78,
batujnax,FF,先锋,先锋,70,70,67,0,4,541,74,71,66,73,61,72,68,65,68,78,60,72,0.57,0.72,0.57,0.57,0.75,0.57,
BerserX,TS,控场,哨卫,71,71,71,0,5,493,67,71,77,70,68,76,68,73,74,70,71,69,0.55,0.66,0.55,0.55,0.79,0.55,
Jackk,C9,先锋,先锋,81,81,78,0,2,487,71,75,84,78,72,80,69,65,89,89,78,88,0.55,0.51,0.55,0.55,0.81,0.55,
STYRON,TS,先锋,先锋,71,71,71,0,1,352,72,81,72,69,69,71,61,61,77,79,64,76,0.47,0.53,0.47,0.47,0.75,0.47,
Xan,RRQ,决斗者,决斗者,65,65,63,0,1,348,68,65,65,65,79,66,68,74,56,55,67,56,0.46,0.71,0.46,0.46,0.51,0.46,
Pa1ze,JL,决斗者,决斗者,79,79,83,0,1,280,78,84,68,70,74,71,87,89,67,64,80,65,0.41,0.75,0.41,0.41,0.37,0.41,
KROSTALY,FUT,先锋,先锋,76,76,72,0,4,1297,72,76,80,69,88,74,66,67,82,82,77,80,0.76,0.79,0.76,0.76,0.88,0.76,
Rosé,BBL,先锋,先锋,57,57,56,0,4,852,65,60,60,64,65,59,51,49,55,69,56,56,0.68,0.77,0.68,0.68,0.82,0.68,
splash,TYL,决斗者,决斗者,90,90,90,0,3,1189,91,84,78,78,71,83,94,96,84,76,96,84,0.75,0.9,0.75,0.75,0.0,0.75,clutch:no-data
Setrod,FPX,决斗者,决斗者,73,73,72,0,3,689,70,78,78,67,71,71,76,75,71,65,74,67,0.63,0.82,0.63,0.63,0.0,0.63,clutch:no-data
Au1,AG,控场,控场,60,60,63,0,2,248,69,68,66,66,49,64,56,56,59,68,52,58,0.38,0.44,0.38,0.38,0.46,0.38,
infiltrator,KRÜ,决斗者,决斗者,65,65,63,0,1,96,71,61,65,71,71,70,70,74,58,59,62,56,0.19,0.44,0.19,0.19,0.19,0.19,
d3mur,ULF,决斗者,决斗者,61,61,57,0,1,103,67,53,65,65,89,64,64,69,51,54,64,52,0.2,0.46,0.2,0.2,0.29,0.2,
