教练,真名,状态,评分,稀有度,战术,培养,激励,履历加分,计分赛事,系列赛,带过的选手
alecks,Alexandre Sallé,在任,84,金卡,82,83,88,10.998,39,118,1
AfteR,Lo Wen-Hsin (罗文信),在任,83,金卡,83,82,84,6.838,22,51,6
mini,Jacob Harris,不在任,83,金卡,81,84,85,9.754,24,70,11
neilzinho,Neil Finlay,在任,83,金卡,86,78,82,7.694,28,65,10
Autumn,Yoon Eu-teum (윤으뜸),在任,82,金卡,86,72,86,9.255,25,58,16
Chet,Chet Singh,不在任,82,金卡,82,81,85,7.795,19,49,12
KEY,Mert Çelebi,在任,82,金卡,88,68,86,2.501,12,28,11
Vlad,Berke Kantürk,在任,82,金卡,88,77,79,2.921,9,10,15
JoshRT,Josh Lee,在任,81,金卡,78,82,86,8.733,25,68,20
shaW,Ian Jardim,在任,81,金卡,85,76,80,2.587,12,22,17
Onur,Rodrigo Dalmagro,在任,80,金卡,82,79,78,5.46,22,48,16
SilKanoN,Kim Gyeong-min (김경민),在任,80,金卡,78,77,87,4.789,10,28,12
SyykoNT,Don Muir,不在任,80,金卡,83,76,78,5.063,12,39,5
bail,Lee Sung-jae (이성재),在任,79,金卡,76,82,79,5.946,26,46,20
FrosT,Hector Rosario,在任,79,金卡,82,76,78,4.759,21,58,20
potter,Christine Chi,在任,79,金卡,82,76,77,5.185,16,32,16
termi,Pyeon Seon-ho (편선호),在任,79,金卡,82,76,78,7.239,30,64,6
Vorz,Kakeru Ikarashi,在任,79,金卡,82,73,79,0.915,13,31,8
weber,Brandon Weber,在任,79,金卡,82,75,78,4.278,21,46,8
bonkar,Malkolm Rench,在任,78,金卡,78,78,79,8.187,11,24,15
destroyeR,Gu Jiaming (顾佳鸣),在任,78,金卡,77,83,74,3.786,15,37,1
ED101,Han Tianqi (韩天奇),在任,78,金卡,79,77,78,2.913,5,10,3
LohaN,,在任,78,金卡,76,75,85,5.901,14,29,21
NaThanD,Deng Senqiao (邓森侨),在任,78,金卡,76,79,81,6.776,21,43,9
solo,Kang Geun-chul (강근철),在任,78,金卡,75,79,82,6.108,17,41,12
Anderzz,Martin Schelasin,不在任,77,金卡,75,78,80,4.816,13,38,17
ddx,Alan Salvati,不在任,77,金卡,79,70,81,3.325,22,43,16
hvoya,Aleksandr Eremin,在任,77,金卡,74,78,81,6.286,11,18,11
KDG,Kim Dong-gun (김동건),在任,77,金卡,76,78,79,2.747,5,9,5
Muggle,Tang Shijun (唐时俊),在任,77,金卡,72,80,84,8.038,25,68,11
pipsoN,Daniil Mesheryakov,在任,77,金卡,78,74,77,3.476,17,40,18
Warbirds,Evan Olzem,不在任,77,金卡,80,74,75,2.42,14,29,12
Zeus,Jhian Vega,不在任,77,金卡,82,73,73,1.523,2,0,0
fRoD,Daniel Montaner,在任,76,金卡,80,68,78,5.373,12,27,14
GAIS,,不在任,76,金卡,78,73,76,1.7,4,9,0
Nbs,Laurynas Kisielius,在任,76,金卡,77,74,77,2.638,21,54,25
stk,,不在任,76,金卡,77,73,76,1.353,4,11,0
Stunner,Dakota MacLeod,在任,76,金卡,78,71,80,2.048,16,31,14
trainer,,不在任,76,金卡,79,73,74,1.014,2,5,0
XQQ,Motoyama Hibiki,在任,76,金卡,75,77,76,3.3,21,42,18
24K,Shao Yubo (邵玉波),在任,75,金卡,78,73,73,1.522,3,4,0
b0i,Aaron Thao,不在任,75,金卡,78,72,73,1.329,6,6,9
Bacon9,Jake Lloyd,不在任,75,金卡,75,74,77,1.527,22,60,16
Elmapuddy,Chris Tebbit,不在任,75,金卡,70,81,78,6.553,14,45,15
Euler,Kazuki Kubota,在任,75,金卡,78,69,75,0.0,5,14,9
HSK,Kim Hae-seong (김해성),在任,75,金卡,74,75,78,3.658,16,37,14
Jovi,Jovanni Vera,在任,75,金卡,76,76,73,1.697,18,56,15
LEGIJA,Nikola Ninić,在任,75,金卡,73,76,76,0.596,12,31,20
PAL,Gregor Morton,在任,75,金卡,75,76,72,3.846,11,24,15
yoman,Chae Young-moon (채영문),在任,75,金卡,74,73,79,2.096,4,8,5
Afr0nfire,Hakan Pınarbaşı,在任,74,银卡,77,74,70,0.822,7,13,9
alexRr,Alexander Frisch,在任,74,银卡,73,70,80,0.254,9,19,12
Atom,Jorge Siero,不在任,74,金卡,75,71,74,3.849,17,34,18
Creative,In Moo-keun (인무근),不在任,74,金卡,78,71,72,0.735,1,0,3
DANNYTO,Danail Sofroniev,在任,74,银卡,73,74,74,0.09,7,12,13
Ego,,不在任,74,金卡,76,72,71,0.419,2,3,0
Ewok,Marthinus Jacobus Van Der Walt,在任,74,银卡,76,70,77,4.083,17,30,21
Ex6TenZ,Kévin Droolans,在任,74,银卡,74,72,75,0.0,2,6,0
Fayde,Chong Hoc Wah,在任,74,银卡,77,71,72,0.201,16,58,9
kaplan,Adam Kaplan,在任,74,银卡,69,80,75,6.53,18,36,18
KUNDIKUNDI,Jiri Honkala,在任,74,银卡,73,73,77,1.148,11,18,13
madC,Kevin Ducourtioux,在任,74,银卡,81,65,73,0.0,6,19,5
Platoon,Daniel Zhou,在任,74,银卡,76,73,73,1.202,5,6,5
Argency,Kwon Soon-woo (권순우),在任,73,银卡,73,72,73,0.685,4,10,0
BARBARR,André Möller,不在任,73,银卡,75,71,73,2.522,15,40,6
bzkA,Matheus Tarasconi,不在任,73,银卡,69,76,78,4.24,8,12,11
Carlão,,不在任,73,银卡,75,72,70,0.549,3,5,0
CheongGak,Lee Il-ho (이일호),在任,73,银卡,74,72,73,0.356,3,12,0
Derly,Florentin Derly,不在任,73,银卡,78,66,72,0.0,4,13,5
Desmo,Casper Rasmussen,在任,73,银卡,73,73,74,0.887,9,22,16
DrewSpark,Drew Spark-Whitworth,在任,73,银卡,72,74,74,1.944,11,23,15
glow,Kim Min-soo (김민수),在任,73,银卡,73,72,73,0.685,4,10,0
gya9,,在任,73,银卡,73,73,72,0.947,16,30,0
hypnotizing,Xie Haozhi (谢昊志),在任,73,银卡,71,76,72,1.733,8,14,7
Immi,Ian Harding,在任,73,银卡,71,78,72,1.689,18,45,21
indigo,Seol Do-hoon (설도훈),在任,73,银卡,73,72,73,0.17,1,6,0
JUNiOR,,不在任,73,银卡,74,73,71,0.915,2,2,0
LATEKS,,不在任,73,银卡,74,73,70,0.972,3,5,0
Melofovia,Hirotaka Okazaki,在任,73,银卡,74,72,73,0.524,3,4,0
NEDNAGG,,不在任,73,银卡,75,72,72,0.735,1,0,0
pho,Zhang Shicheng (张世成),在任,73,银卡,74,72,71,0.178,2,4,0
Relife,,在任,73,银卡,74,75,69,0.148,12,14,13
Salah,Salah Barakat,在任,73,银卡,73,73,74,1.899,11,23,7
signed,Dale Tang,在任,73,银卡,73,73,73,0.991,2,0,0
sushiboys,Panyawat Subsiriroj,在任,73,银卡,72,73,73,1.099,3,0,5
ValAnalysis,,不在任,73,银卡,73,72,73,0.197,1,5,0
yaotziN,,在任,73,银卡,73,72,74,0.17,1,8,0
Zikz,Anthony Gray,不在任,73,银卡,75,65,79,5.068,14,40,17
3water,Liu Miao (刘淼),在任,72,银卡,72,72,71,0.025,1,3,0
aer0z,Mark Ochoa,不在任,72,银卡,73,73,70,0.0,1,1,3
Anaks,Ye Sang-jun (예상준),在任,72,银卡,72,73,72,0.979,5,14,5
ANXiOS,Victor Troshkin,不在任,72,银卡,72,72,73,0.197,1,5,0
d00mbr0s,Carl Erik Victor William Sandgren,在任,72,银卡,72,72,71,0.348,2,4,0
Daeda,Jacob Hale,在任,72,银卡,73,71,71,0.636,5,7,11
effys,Loic Sauvageau,在任,72,银卡,72,72,70,0.0,1,2,0
eMIL,,不在任,72,银卡,68,73,76,1.039,3,5,0
Faded,Daniel Hwang,在任,72,银卡,72,72,73,0.211,1,4,0
faithz0r,Anderson Yabusaki,不在任,72,银卡,68,72,78,0.68,17,44,14
fistie,,不在任,72,银卡,72,72,73,0.315,2,5,0
fore,,不在任,72,银卡,72,72,72,0.136,1,4,0
gainpe,,在任,72,银卡,72,72,72,0.0,1,3,3
GUNTER,Luke Clives,在任,72,银卡,72,72,72,0.17,1,5,0
JamezIRL,,不在任,72,银卡,72,72,72,0.735,1,0,0
JeXeN,Wang Lin Xiao (王林骁),在任,72,银卡,72,72,72,0.192,2,4,0
JKH,,在任,72,银卡,71,72,73,0.134,1,6,0
Johnta,Ivan Shevtsov,在任,72,银卡,73,72,72,0.274,10,22,11
Larsson,,在任,72,银卡,71,74,73,0.278,7,10,22
LT,,在任,72,银卡,72,72,73,0.37,2,7,0
Lêv,Levent Köktürk,在任,72,银卡,73,72,71,0.0,2,6,0
marqnue,,不在任,72,银卡,73,72,72,0.394,1,4,0
mat,,不在任,72,银卡,73,72,72,0.197,1,4,0
McJuankar,,不在任,72,银卡,73,72,72,0.136,1,4,0
meisoN,Juan Carlos Chacón,在任,72,银卡,74,70,71,0.0,4,3,9
Mew,Théo Ponzoni,在任,72,银卡,73,72,71,0.077,1,3,0
mitch,Mitch Semago,在任,72,银卡,71,73,73,1.258,3,0,5
nolozy,,在任,72,银卡,73,72,72,0.0,4,8,5
NorthernLights,Tsubasa Ando,在任,72,银卡,73,72,72,0.111,1,4,0
Ominous,Sushant Jha,在任,72,银卡,72,72,71,0.013,1,2,0
Pablo,,在任,72,银卡,72,72,72,0.137,2,6,0
peri,Jung Bum-ki (정범기),在任,72,银卡,73,72,72,0.153,1,5,0
peu,,不在任,72,银卡,73,72,71,0.524,2,5,0
pm,,不在任,72,银卡,73,72,72,0.774,2,0,0
Scuttt,Benjamin Hutchinson,在任,72,银卡,72,72,72,0.055,1,4,0
shhhack,Peter Belej,在任,72,银卡,72,72,74,0.251,2,4,0
slk,Aleksey Lynksov,在任,72,银卡,72,72,73,0.766,2,5,0
Spin,Peter Bradford,在任,72,银卡,70,73,75,0.399,7,10,11
Strong,,不在任,72,银卡,72,72,71,0.136,1,3,0
Sunshine,Huang Jinjie (黄进杰),在任,72,银卡,71,73,71,0.901,6,17,5
sw4y,,不在任,72,银卡,72,72,72,0.314,2,4,0
wayLander,Jan Rahkonen,在任,72,银卡,73,72,71,0.077,1,3,0
Yiyee,Zhang Tianyuan (张天元),在任,72,银卡,72,72,73,0.168,1,4,0
YorkMonster,,在任,72,银卡,73,72,71,0.109,1,3,0
YuChEn,,不在任,72,银卡,73,72,71,0.25,1,1,0
Yushi,,不在任,72,银卡,72,72,70,0.045,1,2,0
ZONYK,Nicolas Carboni,在任,72,银卡,75,70,70,0.836,16,35,22
Astell,Moon Ji-won (문지원),不在任,71,铜卡,71,71,71,0.0,1,2,5
Bambino,Tyler Jay,在任,71,铜卡,71,72,71,0.322,3,2,0
Billyo,Li Xinyu (李新宇),在任,71,铜卡,71,72,71,0.304,2,2,0
Egi,,在任,71,铜卡,72,72,68,0.003,5,7,10
Engh,Andrey Sholokhov,不在任,71,铜卡,70,68,75,3.114,23,54,20
Epic,Arda Yıldız,不在任,71,铜卡,71,72,70,0.749,3,1,0
goked,,不在任,71,铜卡,69,72,73,0.859,4,4,0
Gorilla,,不在任,71,铜卡,73,72,67,0.666,4,4,0
GUGLi,,不在任,71,铜卡,71,72,71,0.045,1,3,0
Happy,Vincent Schopenhauer,在任,71,铜卡,73,65,73,1.218,10,32,18
heav1n,,在任,71,铜卡,69,72,75,1.633,5,12,5
Itopata,Dimitar Staev,在任,71,铜卡,71,72,71,0.262,2,3,0
Kaimera,,在任,71,铜卡,70,72,72,0.184,4,3,0
lukzera,,不在任,71,铜卡,71,72,71,0.045,1,3,0
mCe,Matthew Elmore,在任,71,铜卡,71,73,70,1.083,16,41,18
Milan,Milan de Meij,在任,71,铜卡,71,72,71,0.279,3,6,0
nokaze37,,不在任,71,铜卡,72,71,69,0.0,3,3,8
oderus,Chad Miller,在任,71,铜卡,71,72,71,0.045,3,2,7
Oi,,不在任,71,铜卡,70,72,70,0.045,1,2,0
Romanilly,Gonzalo Manzano,在任,71,铜卡,70,74,68,0.867,10,23,17
Septem7,,不在任,71,铜卡,70,72,70,0.045,1,2,0
style,,不在任,71,铜卡,72,72,69,0.0,2,6,0
temoc,,不在任,71,铜卡,71,72,70,0.045,1,2,0
thinkii,,在任,71,铜卡,72,70,70,0.289,9,15,18
York,Yao Kun (姚堃),在任,71,铜卡,71,73,69,0.273,6,8,7
ZE1SH,Ahmed El Sheikh,在任,71,铜卡,73,70,70,1.868,11,15,20
742,,在任,70,铜卡,68,72,72,0.025,1,0,4
BigTime,Morgan Jay,不在任,70,铜卡,67,72,71,0.715,3,1,6
Fields,Sam Greenfield,在任,70,铜卡,69,71,69,0.338,6,10,9
Fire3,Yang Yingjie (杨英杰),不在任,70,铜卡,69,72,68,0.091,1,2,0
frenya,,不在任,70,铜卡,68,72,71,0.045,1,3,0
Juv3nile,,不在任,70,铜卡,69,72,70,0.091,1,3,0
Kapio,Navid Javadi,在任,70,铜卡,72,64,72,0.0,7,10,6
meow,,不在任,70,铜卡,69,72,70,0.045,1,2,0
Mikes,Michael Hockom,不在任,70,铜卡,66,71,75,2.914,14,34,15
rudi,,不在任,70,铜卡,68,72,71,0.045,1,3,0
sword9,Li Wei (李卫),在任,70,铜卡,69,72,70,0.05,1,2,0
Xpz,,不在任,70,铜卡,68,72,72,0.2,1,0,0
Eraser,Hong Chang-pyo (홍창표),不在任,69,铜卡,67,69,72,2.041,11,17,6
TK9_주,Goo Tae-kyun (구태균),在任,69,铜卡,70,69,68,0.568,3,3,6
Veer,Wyatt Blevins,在任,69,铜卡,66,71,72,0.078,4,0,9
6fingers,Harry Tjahjadi Putra,不在任,68,铜卡,65,72,68,0.091,1,2,0
Elevated,Donnie Chell,不在任,68,铜卡,68,68,69,0.241,5,6,10
ANGE1,,在任,66,铜卡,60,71,70,0.415,3,5,7
7Teen,,在任,72,银卡,72,72,72,0.0,0,0,0
Aimix,,在任,72,银卡,72,72,72,0.0,0,0,0
Ann,,在任,72,银卡,72,72,72,0.0,0,0,0
arthur,,在任,72,银卡,72,72,72,0.0,0,0,0
Biank,,在任,72,银卡,72,72,72,0.0,0,0,0
Bullco,,在任,72,银卡,72,72,72,0.0,0,0,0
Carry,,在任,72,银卡,72,72,72,0.0,0,0,0
casteLL0,Hazım Orhun Dalbeyler,在任,72,银卡,72,72,72,0.0,0,0,0
Cody,,不在任,72,银卡,72,72,72,0.0,0,0,0
ColdFish,Xiang Pengzhi (向鹏志),在任,72,银卡,72,72,72,0.0,0,0,0
crow,Maruoka Tomoaki,不在任,72,银卡,72,72,72,0.0,0,0,0
Desire,Peng Siji (彭思骥),在任,72,银卡,72,72,72,0.0,0,0,0
EsportsRyan,,在任,72,银卡,72,72,72,0.0,0,0,0
Fadeout,Alex Argüello,在任,72,银卡,72,72,72,0.0,0,0,0
FIN,Franklin Ascencio,在任,72,银卡,72,72,72,0.0,0,0,0
fluyr,Vinícius Menegatti,不在任,72,银卡,72,72,72,0.0,0,0,0
Jason,,在任,72,银卡,72,72,72,0.0,0,0,0
Jhein,Cristian Camaño,在任,72,银卡,72,72,72,0.0,0,0,0
jungleDSL,,不在任,72,银卡,72,72,72,0.0,0,0,0
Kamino,Lucas Kamino,在任,72,银卡,72,72,72,0.0,0,0,0
Koy,,不在任,72,银卡,72,72,72,0.0,0,0,0
madcoach,,不在任,72,银卡,72,72,72,0.0,0,0,0
Malix,Yoon Kyung-ho (윤경호),在任,72,银卡,72,72,72,0.0,0,0,0
Mavera,Erim Sasal,在任,72,银卡,72,72,72,0.0,0,0,0
Metasla,,在任,72,银卡,72,72,72,0.0,0,0,0
mun,Yusuke Ota,在任,72,银卡,72,72,72,0.0,0,0,0
Naint,Mingiyan Goldaev,在任,72,银卡,72,72,72,0.0,0,0,0
OnbusH,Kim Taek-soo (김택수),在任,72,银卡,72,72,72,0.0,0,0,0
Rain,Deng Shiyao (邓诗耀),在任,72,银卡,72,72,72,0.0,0,0,0
rin,,在任,72,银卡,72,72,72,0.0,0,0,0
Road,Valentin Terrier,在任,72,银卡,72,72,72,0.0,0,0,0
Ryanguru,,在任,72,银卡,72,72,72,0.0,0,0,0
ryota-,Ryota Okayama,在任,72,银卡,72,72,72,0.0,0,0,0
Shiji_mm,,在任,72,银卡,72,72,72,0.0,0,0,0
shu,,在任,72,银卡,72,72,72,0.0,0,0,0
sieg,,在任,72,银卡,72,72,72,0.0,0,0,0
SKAZZ,,在任,72,银卡,72,72,72,0.0,0,0,0
skyeSG,,在任,72,银卡,72,72,72,0.0,0,0,0
Steady,Dmitry Prutkov,在任,72,银卡,72,72,72,0.0,0,0,0
sungmin,So Seong-min (소성민),在任,72,银卡,72,72,72,0.0,0,0,0
Szed,Philipp Schickor,在任,72,银卡,72,72,72,0.0,0,0,0
THEE,,在任,72,银卡,72,72,72,0.0,0,0,0
Viento,Göktuğ Alp Çebi,在任,72,银卡,72,72,72,0.0,0,0,0
Wendler,Ashton Wendler,在任,72,银卡,72,72,72,0.0,0,0,0
WKN,Alvaro Bustos,在任,72,银卡,72,72,72,0.0,0,0,0
xikii,Victor Garcia,在任,72,银卡,72,72,72,0.0,0,0,0
xiuyueer,,在任,72,银卡,72,72,72,0.0,0,0,0
Xive,,在任,72,银卡,72,72,72,0.0,0,0,0
XovLoV,Buğra Erdönmez,在任,72,银卡,72,72,72,0.0,0,0,0
Youenn,,在任,72,银卡,72,72,72,0.0,0,0,0
ZaeS,,在任,72,银卡,72,72,72,0.0,0,0,0
