选手,真名,评分,稀有度,个人分,巅峰赛季,履历O,冠军H,赛区G,最后一场
Leo,Leo Jannesson,92,金卡,95.2,2021,9.084,2.061,0.165,2024-06-09
Sacy,Gustavo Rossi,92,金卡,90.57,2021,8.616,2.947,0.09,2024-08-25
ScreaM,Adil Benrlitom,92,金卡,91.89,2021,7.816,0.0,0.171,2023-07-23
TenZ,Tyson Ngo,92,金卡,92.0,2021,7.17,1.624,0.505,2025-06-22
nukkye,Žygimantas Chmieliauskas,91,金卡,89.35,2021,7.267,0.0,0.045,2024-03-01
yay,Jaccob Whiteaker,91,金卡,90.07,2021,6.25,0.698,0.274,2025-08-31
DaveeyS,Santiago Galvis Ruiz,89,金卡,87.65,2021,6.005,0.0,0.034,2023-08-26
k1Ng,Lee Seung-won (이승원),89,金卡,86.87,2022,6.532,0.0,-0.042,2023-07-23
ardiis,Ardis Svarenieks,88,金卡,81.76,2022,8.838,0.885,0.221,2024-07-19
Laz,Ushida Koji,88,金卡,85.08,2021,6.981,0.0,-0.158,2024-07-21
s0m,Sam Oh,88,金卡,81.61,2023,5.956,2.499,0.321,2025-10-05
Suggest,Seo Jae-young (서재영),87,金卡,84.32,2021,3.858,0.0,0.015,2025-05-11
Patiphan,Patiphan Chaiwong,85,金卡,81.51,2021,3.061,0.0,-0.062,2023-07-23
xeta,Son Seon-ho (손선호),85,金卡,78.03,2021,6.982,0.0,0.11,2023-08-26
iNTRO,Kang Seung-gyun (강승균),84,金卡,80.79,2021,3.114,0.0,-0.101,2024-07-27
TS,Yu Tae-seok (유태석),84,金卡,78.02,2022,5.66,0.0,-0.159,2023-11-26
Bazzi,Park Jun-ki (박준기),83,金卡,79.66,2022,3.917,0.0,-0.265,2023-07-23
Nivera,Nabil Benrlitom,82,金卡,75.97,2023,6.142,0.0,0.07,2023-07-23
pl1xx,Christopher Li,82,金卡,78.89,2023,3.644,0.0,-0.162,2024-07-21
runi,Dylan Cade,82,金卡,77.46,2022,4.007,0.0,0.457,2024-07-21
grumble,Ong Jing Zhou,81,金卡,79.99,2024,0.988,0.0,-0.082,2024-09-29
Lumo,Maxim Demianovskikh,80,金卡,80.0,,0.447,0.0,-0.098,2024-07-28
Twisten,Karel Ašenbrener,80,金卡,78.76,2021,1.704,0.0,0.011,2023-05-28
YOU,Yip Man Ho,80,金卡,77.03,2023,3.23,0.0,-0.347,2025-05-04
dephh,Rory Jackson,79,金卡,71.48,2021,6.612,0.0,0.418,2023-05-28
Khalil,Khalil Schmidt,78,银卡,73.92,2021,3.846,0.0,0.01,2025-05-03
Estrella,Park Gun (박건),77,银卡,74.09,2022,2.756,0.0,-0.079,2025-08-31
MOJJ,Buğra Kiraz,77,银卡,72.35,2021,4.776,0.0,-0.078,2024-07-27
Sayaplayer,Ha Jeong-woo (하정우),77,银卡,72.15,2021,4.776,0.0,0.148,2025-08-24
takej,Takemori Shogo,77,银卡,73.64,2021,3.254,0.0,-0.263,2025-08-24
WRONSKI,Michael Wronski,77,银卡,77.36,2021,0.0,0.0,-0.059,2023-05-28
Hiko,,76,银卡,73.28,2021,2.308,0.0,0.327,2022-03-27
ICEKING,Cheng Wanpeng (程万鹏),76,银卡,72.56,,3.455,0.0,-0.294,2024-05-12
Moh,Mohammad Bin Oti,76,银卡,75.61,2023,0.588,0.0,0.001,2025-09-09
YiHao,Chen Yihao (陈一豪),76,银卡,75.55,2023,1.0,0.0,-0.249,2024-05-12
Core,An Ziwen (安梓文),75,银卡,75.31,,0.0,0.0,-0.191,2023-07-16
Egoist,Javier Chua,75,银卡,74.59,2021,0.206,0.0,0.031,2024-02-25
mixwell,Oscar Cañellas,75,银卡,71.04,2021,3.823,0.0,0.111,2023-07-23
rhyme,Emir Muminovic,75,银卡,71.83,2022,3.083,0.0,0.219,2023-08-26
Boogeyyy,Khiloy Azucena,74,银卡,73.2,2023,0.537,0.0,0.0,2023-06-04
Boostio,Kelden Pupello,74,银卡,64.1,2021,7.589,1.803,0.369,2025-07-13
kawaii,Piao Min (朴民),74,银卡,73.94,,0.0,0.0,-0.282,2024-07-21
Zest,Kim Ki-seok (김기석),74,银卡,67.44,2022,6.432,0.0,-0.042,2024-07-21
ChiaWei,張家偉,73,银卡,72.68,2023,0.559,0.0,-0.013,2023-07-09
B1ack,Li Songtai (李松泰),72,银卡,71.55,,0.091,0.0,-0.016,2025-01-25
harambe,,72,银卡,72.45,2024,0.0,0.0,0.0,2024-11-19
Kiuuuu,Yung Tsz Kiu (容子翘),72,银卡,72.35,2023,0.0,0.0,-0.002,2024-11-24
Link,Wen Xuan Zhong (钟文轩),72,银卡,72.59,,0.0,0.0,-0.162,2023-11-26
vanity,Anthony Malaspina,72,银卡,66.57,2022,5.147,0.0,0.383,2024-07-21
XXXTACO,Li Xu (许立),72,银卡,72.38,,0.0,0.0,-0.106,2023-07-16
B3ar,Yang Zhanxiong (杨瞻雄),71,银卡,70.85,,0.0,0.0,-0.268,2024-05-12
ban,Joseph Seungmin Oh,71,银卡,65.73,2022,4.893,0.0,0.234,2025-08-31
blaZek1ng,Gary Dastin,71,银卡,68.33,2023,2.286,0.0,-0.111,2024-09-29
gustt1nha,Gustavo Gabriel,71,银卡,70.04,2022,1.124,0.0,-0.262,2022-06-26
HighKitty,Fabian Schultze,71,银卡,70.91,2021,0.44,0.0,0.0,2022-01-23
soulcas,Dom Sulcas,71,银卡,66.22,2024,4.664,0.0,0.132,2025-05-18
W1chi,Edgar Begazo,71,银卡,70.83,,0.0,0.0,0.0,2022-03-13
Zhelick,Ari Arbieto,71,银卡,70.84,,0.0,0.0,0.0,2024-12-01
diseased,Alexander Zakharov,70,银卡,69.53,,0.47,0.0,-0.073,2025-04-27
maizi,Shen Xiangpeng (沈翔鹏),70,银卡,69.63,,0.0,0.0,-0.083,2023-11-26
qw1,Konuralp Şahin,70,银卡,66.36,2021,3.397,0.0,-0.035,2025-08-17
rawfiul,Akram Virani,70,银卡,69.97,2022,0.0,0.0,0.004,2025-07-10
TZH,Tang Zehao (唐哲昊),70,银卡,66.55,2023,3.41,0.0,-0.313,2025-01-25
XJian,Ma Lijian (马立健),70,银卡,69.88,,0.0,0.0,-0.146,2023-12-30
Xuto,Renato Salazar,70,银卡,69.79,,0.0,0.0,0.0,2021-02-28
Addicted,Eduardo Torres,69,铜卡,66.95,2021,2.0,0.0,-0.028,2024-09-15
Cyah,Deng Enping (邓恩平),69,铜卡,69.4,,0.0,0.0,-0.175,2023-11-26
gtn,Gustavo Moura,69,铜卡,65.14,2022,3.784,0.0,-0.362,2023-06-04
Muj,Serhat Yüksel,69,铜卡,67.65,2021,1.878,0.0,-0.084,2023-05-28
AYRIN,Jordan He,68,铜卡,61.37,2022,6.64,0.0,0.365,2023-07-23
Feysend,Felipe Sánchez,68,铜卡,67.75,,0.0,0.0,0.0,2022-03-13
Lsn,Li Sinan (李思南),68,铜卡,66.42,,2.083,0.0,-0.03,2025-05-04
xccurate,Kevin Susanto,68,铜卡,66.3,2024,2.166,0.0,-0.031,2024-09-29
ALIVE,Gilad Hakim,67,铜卡,66.56,2023,0.0,0.0,-0.009,2024-07-27
Click,Haydem Ali,67,铜卡,66.89,,0.248,0.0,-0.058,2025-05-18
EJAY,Eroll Jule Delfin,67,铜卡,66.96,2022,0.285,0.0,-0.013,2025-09-07
Jinboong,Kim Jin-won (김진원),67,铜卡,66.08,2022,0.827,0.0,0.054,2025-08-31
nEzz,김범진,67,铜卡,66.48,,0.013,0.0,0.099,2024-12-06
PangH,Song Wenhao (宋文浩),67,铜卡,67.48,,0.0,0.0,-0.181,2024-05-12
Star1og,Jun Chao Liang (梁竣超),67,铜卡,66.7,,0.0,0.0,-0.105,2023-11-26
Turko,Mehmet Özen,67,铜卡,65.95,2021,1.546,0.0,-0.014,2025-08-17
AAK,Shi Yekai (施叶凯),66,铜卡,65.76,,0.0,0.0,-0.199,2024-07-21
fainz,Pedro Monteiro,66,铜卡,65.62,2023,0.0,0.0,0.0,2024-09-15
lowel,Christian García Antorán,66,铜卡,65.89,2023,0.301,0.0,0.023,2025-07-28
Maverick,Henrique Tozatto,66,铜卡,65.73,2022,0.127,0.0,-0.19,2024-06-26
R1ckLee,Li Xu (李旭),66,铜卡,66.52,,0.0,0.0,-0.155,2023-11-26
Zero1,Meng Zhen Ren (任梦真),66,铜卡,66.43,,0.0,0.0,-0.106,2023-12-30
Ace,Yung Ka-chun (翁家進),65,铜卡,65.1,2021,0.0,0.0,-0.09,2023-12-30
DK,Li Lewei (李乐炜),65,铜卡,63.2,2023,1.65,0.0,-0.113,2023-11-26
nos,Liu Shuang (刘爽),65,铜卡,65.48,,0.0,0.0,-0.156,2023-10-29
xms,Alexandre Forté,65,铜卡,64.28,2021,0.946,0.0,-0.026,2024-07-21
Zoomer,Jingbo Xu (徐景波),65,铜卡,65.39,,0.0,0.0,-0.155,2023-11-26
bezn1,Gabriel Luiz da Costa,64,铜卡,63.26,2022,1.222,0.0,-0.057,2024-12-09
cxyy,Cui Xinyu (崔新宇),64,铜卡,64.13,2023,0.0,0.0,-0.121,2023-12-30
DubsteP,Jayvee Paguirigan,64,铜卡,61.87,2021,2.443,0.0,-0.145,2024-07-31
LeVi,Rajiv Satpute,64,铜卡,63.99,,0.0,0.0,0.0,2024-10-13
txddy,Sergio Francisco,64,铜卡,63.68,2021,0.908,0.0,-0.232,2025-08-14
unrivaled,Francisco Barata,64,铜卡,63.58,,0.0,0.0,0.0,2022-01-23
XuAN,Zhang Luxuan (张陆轩),64,铜卡,64.61,,0.0,0.0,-0.156,2023-11-26
BONECOLD,Santeri Sassi,63,铜卡,56.24,2023,4.429,1.941,0.013,2023-05-28
crow,Maruoka Tomoaki,63,铜卡,59.54,2021,3.485,0.0,-0.168,2025-08-24
hype,Tautvydas Paldavicius,63,铜卡,62.15,2022,0.215,0.0,0.135,2025-02-10
axeddy,Carlos Alberto,62,铜卡,61.6,,0.817,0.0,-0.096,2024-12-09
GANGAZI,Choi Min-yong (최민용),62,铜卡,62.42,,0.0,0.0,0.059,2024-12-06
silenttt,Nuno Rodrigues,62,铜卡,62.11,2023,0.0,0.0,0.0,2024-09-15
TxoziN,André Saidel,62,铜卡,61.66,,0.229,0.0,-0.031,2023-07-23
caydeN,Yari Olmi,61,铜卡,58.87,2023,2.0,0.0,-0.002,2025-04-29
FNS,Pujan Mehta,61,铜卡,52.35,2021,7.885,0.739,0.371,2025-05-03
MIKE,Michael Smith,61,铜卡,61.33,2024,0.0,0.0,0.0,2025-08-12
Phantom,Hideaki Nakai,61,铜卡,60.39,2022,0.342,0.0,-0.016,2024-12-22
Insider,Artem Puzanov,60,铜卡,59.16,2021,0.397,0.0,0.131,2025-08-26
Xiaonuo,,60,铜卡,60.51,2023,0.0,0.0,-0.078,2025-08-24
adi,Marco Maureira,59,铜卡,59.15,,0.0,0.0,0.0,2023-03-31
Excali,Karan Mhaswadkar,59,铜卡,58.83,2022,0.0,0.0,0.017,2024-10-13
PoPiFresH,Mario González,59,铜卡,59.34,2021,0.0,0.0,0.0,2023-07-16
LockM,Xing Fuling (邢福凌),58,铜卡,57.92,2023,0.0,0.0,-0.161,2024-07-21
makiba,Miyamoto Akatsuki,58,铜卡,57.23,2021,0.676,0.0,-0.131,2023-06-04
Feeqn,Okko Pajari,57,铜卡,57.04,2021,0.0,0.0,0.0,2025-08-17
o0o0o,Ye Xiaodong (叶晓东),57,铜卡,55.08,,2.703,0.0,-0.346,2025-08-24
koldamenta,Jose Luis Aranguren,56,铜卡,49.49,2022,6.066,0.0,0.139,2023-07-23
Kotaro,,56,铜卡,55.66,,0.0,0.0,0.0,2024-10-19
DOXZ3R,Soumyadeep Dey,55,铜卡,55.39,2024,0.0,0.0,0.0,2025-07-03
Neal X,Lee Jae-yong,55,铜卡,55.37,,0.0,0.0,-0.091,2025-08-24
RND,Ronaldo Kanashiro,55,铜卡,54.41,2022,0.825,0.0,-0.216,2025-08-14
Amaterasu,Anuj Sharma,54,铜卡,51.89,2022,2.0,0.0,0.001,2024-06-28
pdr,Pedro Sousa,54,铜卡,54.27,2024,0.0,0.0,0.0,2024-10-19
Worship,Ian Ga,54,铜卡,53.52,,0.0,0.0,0.0,2023-06-04
beyAz,Beyazit Körpe,53,铜卡,53.39,2021,0.068,0.0,-0.008,2024-07-19
Dext,Norbert Paulovčák,53,铜卡,52.7,2023,0.0,0.0,0.0,2024-07-21
MrCANI,Chen Tingxun (陈廷训),53,铜卡,53.0,2023,0.248,0.0,-0.039,2025-05-04
TvirusLuke,Chen Cheng-ching (陈振庆),53,铜卡,50.84,2025,2.293,0.0,-0.32,2025-08-24
Wailers,Wailers Locart,53,铜卡,53.21,2023,0.0,0.0,-0.011,2024-07-19
SouhcNi,Ibrahim Sağır,51,铜卡,48.36,2021,3.15,0.0,-0.124,2024-07-27
Yanagi,Jeremy Edward V.,51,铜卡,51.39,2023,0.0,0.0,0.0,2023-06-04
Br0die,Jack Emmott,42,铜卡,42.01,2021,0.104,0.0,0.036,2025-04-27
